"ALKES","3WAY STOPCOCK NON EXTENSION JMS","BUAH",33000,,,,,,,1990-01-01,12:00:00 AM,2020-01-01,11:59:00 PM
"ALKES","3WAY STOPCOCK PLUS EXTENSION JMS","BUAH",39600,,,,,,,1990-01-01,12:00:00 AM,2020-01-01,11:59:00 PM
"OBAT","ACITRAL LIQUID 120 ML","BUAH",35200,,,,,,,1990-01-01,12:00:00 AM,2020-01-01,11:59:00 PM
"OBAT","ACITRAL TABLET","BUAH","1182,5",,,,,,,1990-01-01,12:00:00 AM,2020-01-01,11:59:00 PM
"OBAT","ACRAN INJEKSI","BUAH",21252,,,,,,,1990-01-01,12:00:00 AM,2020-01-01,11:59:00 PM
"OBAT","ACTIFED PLUS EXPECT SYRUP 60 ML","BUAH",42306,,,,,,,1990-01-01,12:00:00 AM,2020-01-01,11:59:00 PM
"OBAT","ACYCLOVIR 200 MG TABLET","BUAH",366,,,,,,,1990-01-01,12:00:00 AM,2020-01-01,11:59:00 PM
"OBAT","ACYCLOVIR 400 MG TABLET","BUAH",598,,,,,,,1990-01-01,12:00:00 AM,2020-01-01,11:59:00 PM
"OBAT","ACYCLOVIR 5% KRIM 5 G","BUAH",3000,,,,,,,1990-01-01,12:00:00 AM,2020-01-01,11:59:00 PM
"ALKES","AERIUS TABLET","BUAH",9600,,,,,,,1990-01-01,12:00:00 AM,2020-01-01,11:59:00 PM
"OBAT","ALEGI TABLET","BUAH",1485,,,,,,,1990-01-01,12:00:00 AM,2020-01-01,11:59:00 PM
"ALKES","ALGISITE 10 X 10 CM","BUAH",110000,,,,,,,1990-01-01,12:00:00 AM,2020-01-01,11:59:00 PM
"OBAT","ALINAMIN TAB 5 MG","BUAH",600,,,,,,,1990-01-01,12:00:00 AM,2020-01-01,11:59:00 PM
"OBAT","ALINAMIN-F 50 MG TABLET","BUAH","916,67",,,,,,,1990-01-01,12:00:00 AM,2020-01-01,11:59:00 PM
"ALKES","ALKOHOL SWABS","BUAH","161,7",,,,,,,1990-01-01,12:00:00 AM,2020-01-01,11:59:00 PM
"OBAT","ALLERON 4 MG TABLET","BUAH",0,,,,,,,1990-01-01,12:00:00 AM,2020-01-01,11:59:00 PM
"ALKES","ALLEVYN ADH 12,5 X 12,5 CM","BUAH",123200,,,,,,,1990-01-01,12:00:00 AM,2020-01-01,11:59:00 PM
"ALKES","ALLEVYN ADHESIVE 7,5 X 7,5 CM","BUAH",63800,,,,,,,1990-01-01,12:00:00 AM,2020-01-01,11:59:00 PM
"ALKES","ALLEVYN NON ADH 10 X 10 CM","BUAH",73700,,,,,,,1990-01-01,12:00:00 AM,2020-01-01,11:59:00 PM
"ALKES","ALLEVYN NON ADH 10 X 20 CM/1X20","BUAH",118250,,,,,,,1990-01-01,12:00:00 AM,2020-01-01,11:59:00 PM
"OBAT","ALLOPURINOL TABLET","BUAH",180,,,,,,,1990-01-01,12:00:00 AM,2020-01-01,11:59:00 PM
"OBAT","ALPARA KAPLET","BUAH",900,,,,,,,1990-01-01,12:00:00 AM,2020-01-01,11:59:00 PM
"ALKES","ALPHAMED PENCIL CAUTER","BUAH",110000,,,,,,,1990-01-01,12:00:00 AM,2020-01-01,11:59:00 PM
"OBAT","ALPRAZOLAM 0,5MG TABLET","BUAH","574,75",,,,,,,1990-01-01,12:00:00 AM,2020-01-01,11:59:00 PM
"OBAT","ALPRAZOLAM 1 MG TAB","BUAH",972,,,,,,,1990-01-01,12:00:00 AM,2020-01-01,11:59:00 PM
"OBAT","AMBROXOL SYRUP","BUAH",4000,,,,,,,1990-01-01,12:00:00 AM,2020-01-01,11:59:00 PM
"OBAT","AMBROXOL TABLET 30MG","BUAH","143,68",,,,,,,1990-01-01,12:00:00 AM,2020-01-01,11:59:00 PM
"OBAT","AMINOFUSIN PAED 250 ML","BUAH",101200,,,,,,,1990-01-01,12:00:00 AM,2020-01-01,11:59:00 PM
"OBAT","AMINOPHILLIN 24 MG INJEKSI","BUAH",6800,,,,,,,1990-01-01,12:00:00 AM,2020-01-01,11:59:00 PM
"OBAT","AMINOSTERIL INFANT 6% 100 ML","BUAH",83600,,,,,,,1990-01-01,12:00:00 AM,2020-01-01,11:59:00 PM
"OBAT","AMITRIPTILLIN 25 MG TAB","BUAH",0,,,,,,,1990-01-01,12:00:00 AM,2020-01-01,11:59:00 PM
"OBAT","AMLODIPINE 10 MG","BUAH",1200,,,,,,,1990-01-01,12:00:00 AM,2020-01-01,11:59:00 PM
"OBAT","AMLODIPINE 5 MG","BUAH",960,,,,,,,1990-01-01,12:00:00 AM,2020-01-01,11:59:00 PM
"OBAT","AMOXICILLIN 500 MG KAPLET","BUAH",500,,,,,,,1990-01-01,12:00:00 AM,2020-01-01,11:59:00 PM
"OBAT","AMOXSAN 1 G INJEKSI","BUAH",23430,,,,,,,1990-01-01,12:00:00 AM,2020-01-01,11:59:00 PM
"OBAT","AMOXSAN 250 MG KAPSUL","BUAH",1705,,,,,,,1990-01-01,12:00:00 AM,2020-01-01,11:59:00 PM
"OBAT","AMOXSAN 500 MG KAPSUL","BUAH",3410,,,,,,,1990-01-01,12:00:00 AM,2020-01-01,11:59:00 PM
"OBAT","AMOXSAN DRY SYRUP 60 ML","BUAH",23430,,,,,,,1990-01-01,12:00:00 AM,2020-01-01,11:59:00 PM
"OBAT","AMOXSAN FORTE SYRUP 60 ML","BUAH",33330,,,,,,,1990-01-01,12:00:00 AM,2020-01-01,11:59:00 PM
"OBAT","AMOXSAN PAED DROPS 15 ML","BUAH",23430,,,,,,,1990-01-01,12:00:00 AM,2020-01-01,11:59:00 PM
"OBAT","AMPICILLIN 500 MG","BUAH",450,,,,,,,1990-01-01,12:00:00 AM,2020-01-01,11:59:00 PM
"OBAT","ANALSIK TABLET","BUAH","1556,5",,,,,,,1990-01-01,12:00:00 AM,2020-01-01,11:59:00 PM
"OBAT","ANTALGIN 500 MG TABLET (STRIP)","BUAH","254,9",,,,,,,1990-01-01,12:00:00 AM,2020-01-01,11:59:00 PM
"OBAT","ANTASIDA DOEN SYRUP 60 ML","BUAH",3850,,,,,,,1990-01-01,12:00:00 AM,2020-01-01,11:59:00 PM
"OBAT","ANTASIDA DOEN TABLET","BUAH","116,5",,,,,,,1990-01-01,12:00:00 AM,2020-01-01,11:59:00 PM
"OBAT","APIALYS DROP 10 ML","BUAH",41250,,,,,,,1990-01-01,12:00:00 AM,2020-01-01,11:59:00 PM
"OBAT","APIALYS SYRUP 100 ML","BUAH",33000,,,,,,,1990-01-01,12:00:00 AM,2020-01-01,11:59:00 PM
"OBAT","ASAM MEFENAMAT 500 MG KAPLET","BUAH",205,,,,,,,1990-01-01,12:00:00 AM,2020-01-01,11:59:00 PM
"OBAT","ASAM VALPROAT SYRUP","BUAH",46200,,,,,,,1990-01-01,12:00:00 AM,2020-01-01,11:59:00 PM
"OBAT","ASERING OTSUKA 500 CC","BUAH",27170,,,,,,,1990-01-01,12:00:00 AM,2020-01-01,11:59:00 PM
"OBAT","ASPILET CHEW TAB","BUAH","571,34",,,,,,,1990-01-01,12:00:00 AM,2020-01-01,11:59:00 PM
"OBAT","ASTHAROL TAB 4 MG","BUAH",1221,,,,,,,1990-01-01,12:00:00 AM,2020-01-01,11:59:00 PM
"OBAT","ATROPIN 0,25 MG INJEKSI","BUAH",2000,,,,,,,1990-01-01,12:00:00 AM,2020-01-01,11:59:00 PM
"OBAT","ATS 1500 IU INJEKSI","BUAH",181500,,,,,,,1990-01-01,12:00:00 AM,2020-01-01,11:59:00 PM
"OBAT","AVIL 25 MG TABLET","BUAH","1711,84",,,,,,,1990-01-01,12:00:00 AM,2020-01-01,11:59:00 PM
"OBAT","AZOMAX DRY SYRUP","BUAH",101750,,,,,,,1990-01-01,12:00:00 AM,2020-01-01,11:59:00 PM
"OBAT","AZYTHROMYCIN DRY SYRUP","BUAH",49500,,,,,,,1990-01-01,12:00:00 AM,2020-01-01,11:59:00 PM
"OBAT","BACTESYN 0.75 G INJEKSI","BUAH",100100,,,,,,,1990-01-01,12:00:00 AM,2020-01-01,11:59:00 PM
"OBAT","BACTESYN 1,5G","BUAH",188650,,,,,,,1990-01-01,12:00:00 AM,2020-01-01,11:59:00 PM
"OBAT","BECOM - C KAPLET","BUAH","1391,5",,,,,,,1990-01-01,12:00:00 AM,2020-01-01,11:59:00 PM
"OBAT","BENUTRION VE  INFUS 250 ML","BUAH",110770,,,,,,,1990-01-01,12:00:00 AM,2020-01-01,11:59:00 PM
"OBAT","BETADIN KUMUR 100 ML","BUAH",20500,,,,,,,1990-01-01,12:00:00 AM,2020-01-01,11:59:00 PM
"OBAT","BETADINE SOL 30 ML","BUAH",17270,,,,,,,1990-01-01,12:00:00 AM,2020-01-01,11:59:00 PM
"OBAT","BETASON - N KRIM 5 G","BUAH",13475,,,,,,,1990-01-01,12:00:00 AM,2020-01-01,11:59:00 PM
"OBAT","BIAYA PUYER","BUAH",0,,,,,,,1990-01-01,12:00:00 AM,2020-01-01,11:59:00 PM
"OBAT","BIO - ATP KAPLET","BUAH","2355,98",,,,,,,1990-01-01,12:00:00 AM,2020-01-01,11:59:00 PM
"OBAT","BIOPLACENTON JELLY 15 G","BUAH",17050,,,,,,,1990-01-01,12:00:00 AM,2020-01-01,11:59:00 PM
"OBAT","BIOTHICOL 250 MG KAPSUL","BUAH","1908,5",,,,,,,1990-01-01,12:00:00 AM,2020-01-01,11:59:00 PM
"OBAT","BIOTHICOL 500 MG KAPSUL","BUAH",3817,,,,,,,1990-01-01,12:00:00 AM,2020-01-01,11:59:00 PM
"OBAT","BIOTHICOL DRY SYRUP 60 ML","BUAH",21890,,,,,,,1990-01-01,12:00:00 AM,2020-01-01,11:59:00 PM
"OBAT","BIOTHICOL FORTE DS 60 ML","BUAH",60500,,,,,,,1990-01-01,12:00:00 AM,2020-01-01,11:59:00 PM
"OBAT","BISOLVON INJEKSI","BUAH",58234,,,,,,,1990-01-01,12:00:00 AM,2020-01-01,11:59:00 PM
"OBAT","BISOLVON SOLUTION NEBULIZER","BUAH",75130,,,,,,,1990-01-01,12:00:00 AM,2020-01-01,11:59:00 PM
"OBAT","BISOPROLOL 5 MG","BUAH","2321,67",,,,,,,1990-01-01,12:00:00 AM,2020-01-01,11:59:00 PM
"ALKES","BLADE MESS AESCULAP 22","BUAH",0,,,,,,,1990-01-01,12:00:00 AM,2020-01-01,11:59:00 PM
"OBAT","BLEDSTOP INJEKSI","BUAH",7700,,,,,,,1990-01-01,12:00:00 AM,2020-01-01,11:59:00 PM
"OBAT","BLEDSTOP TABLET","BUAH","577,5",,,,,,,1990-01-01,12:00:00 AM,2020-01-01,11:59:00 PM
"ALKES","BLOOD SET TERUMO (TBA)","BUAH",28050,,,,,,,1990-01-01,12:00:00 AM,2020-01-01,11:59:00 PM
"ALKES","BLOODSET COSMO","BUAH",5566,,,,,,,1990-01-01,12:00:00 AM,2020-01-01,11:59:00 PM
"OBAT","BOORTALK 3% 100 G","BUAH",5000,,,,,,,1990-01-01,12:00:00 AM,2020-01-01,11:59:00 PM
"OBAT","BOORTALK 5% 100 G","BUAH",5000,,,,,,,1990-01-01,12:00:00 AM,2020-01-01,11:59:00 PM
"OBAT","BRAXIDIN TABLET","BUAH",1045,,,,,,,1990-01-01,12:00:00 AM,2020-01-01,11:59:00 PM
"OBAT","BREATHY TETES HIDUNG","BUAH",41250,,,,,,,1990-01-01,12:00:00 AM,2020-01-01,11:59:00 PM
"OBAT","BRICASMA INJEKSI","BUAH","20929,26",,,,,,,1990-01-01,12:00:00 AM,2020-01-01,11:59:00 PM
"OBAT","BROADCED 1 G INJEKSI","BUAH",214500,,,,,,,1990-01-01,12:00:00 AM,2020-01-01,11:59:00 PM
"OBAT","BRONKIPECT TABLET","BUAH",1100,,,,,,,1990-01-01,12:00:00 AM,2020-01-01,11:59:00 PM
"OBAT","BUFFER FORMALIN 10% 1 LITER","BUAH",225500,,,,,,,1990-01-01,12:00:00 AM,2020-01-01,11:59:00 PM
"OBAT","BUFFER FORMALIN 10% 500 ML","BUAH",112750,,,,,,,1990-01-01,12:00:00 AM,2020-01-01,11:59:00 PM
"OBAT","BURNAZIN KRIM 35 G","BUAH",56045,,,,,,,1990-01-01,12:00:00 AM,2020-01-01,11:59:00 PM
"OBAT","BUSCOPAN INJEKSI","BUAH","32920,5",,,,,,,1990-01-01,12:00:00 AM,2020-01-01,11:59:00 PM
"OBAT","BUSCOPAN TABLET","BUAH",0,,,,,,,1990-01-01,12:00:00 AM,2020-01-01,11:59:00 PM
"ALKES","BYE-BYE FEVER ANAK","BUAH",9361,,,,,,,1990-01-01,12:00:00 AM,2020-01-01,11:59:00 PM
"OBAT","BYE-BYE FEVER BAYI","BUAH","6572,5",,,,,,,1990-01-01,12:00:00 AM,2020-01-01,11:59:00 PM
"OBAT","CAL-95 KAPLET","BUAH",5280,,,,,,,1990-01-01,12:00:00 AM,2020-01-01,11:59:00 PM
"OBAT","CALSIUM GLUCONAS INJEKSI","BUAH","17966,67",,,,,,,1990-01-01,12:00:00 AM,2020-01-01,11:59:00 PM
"OBAT","CAPTOPRIL 12,5 MG TABLET","BUAH",0,,,,,,,1990-01-01,12:00:00 AM,2020-01-01,11:59:00 PM
"OBAT","CAPTOPRIL 25 MG TABLET","BUAH","151,53",,,,,,,1990-01-01,12:00:00 AM,2020-01-01,11:59:00 PM
"ALKES","CATGUT PLAIN 3/0 ONEMED","BUAH",8500,,,,,,,1990-01-01,12:00:00 AM,2020-01-01,11:59:00 PM
"ALKES","CATGUT PLAIN 3/0 SELLA","BUAH",13500,,,,,,,1990-01-01,12:00:00 AM,2020-01-01,11:59:00 PM
"OBAT","CEFADROXIL 500 MG KAPSUL","BUAH","611,5",,,,,,,1990-01-01,12:00:00 AM,2020-01-01,11:59:00 PM
"OBAT","CEFAT 250 MG KAPSUL","BUAH","5527,5",,,,,,,1990-01-01,12:00:00 AM,2020-01-01,11:59:00 PM
"OBAT","CEFAT 500 MG KAPSUL","BUAH","10884,5",,,,,,,1990-01-01,12:00:00 AM,2020-01-01,11:59:00 PM
"OBAT","CEFAT DRY SYRUP 60 ML","BUAH",44770,,,,,,,1990-01-01,12:00:00 AM,2020-01-01,11:59:00 PM
"OBAT","CEFAT FORTE DRY SYRUP 60 ML","BUAH",77550,,,,,,,1990-01-01,12:00:00 AM,2020-01-01,11:59:00 PM
"OBAT","CEFILA 100MG","BUAH",19250,,,,,,,1990-01-01,12:00:00 AM,2020-01-01,11:59:00 PM
"OBAT","CEFILA DROP / DRY SYRUP","BUAH",91300,,,,,,,1990-01-01,12:00:00 AM,2020-01-01,11:59:00 PM
"OBAT","CEFIXIM 100 MG KAPSUL","BUAH","1000,01",,,,,,,1990-01-01,12:00:00 AM,2020-01-01,11:59:00 PM
"OBAT","CEFIXIME DRY SYRUP 30 ML","BUAH",14000,,,,,,,1990-01-01,12:00:00 AM,2020-01-01,11:59:00 PM
"OBAT","CEFOTAXIM 1 G INJEKSI","BUAH",6930,,,,,,,1990-01-01,12:00:00 AM,2020-01-01,11:59:00 PM
"OBAT","CEFSPAN 100 MG KAPSUL","BUAH",24200,,,,,,,1990-01-01,12:00:00 AM,2020-01-01,11:59:00 PM
"OBAT","CEFSPAN 200 MG KAPSUL","BUAH",38500,,,,,,,1990-01-01,12:00:00 AM,2020-01-01,11:59:00 PM
"OBAT","CEFSPAN DRY SYRUP 30 ML","BUAH",108900,,,,,,,1990-01-01,12:00:00 AM,2020-01-01,11:59:00 PM
"OBAT","CEFTRIAXONE 1 G INJEKSI","BUAH",39600,,,,,,,1990-01-01,12:00:00 AM,2020-01-01,11:59:00 PM
"OBAT","CEFXON INJ","BUAH",231000,,,,,,,1990-01-01,12:00:00 AM,2020-01-01,11:59:00 PM
"OBAT","CELESTAMINE SYRUP 30 ML","BUAH","38668,99",,,,,,,1990-01-01,12:00:00 AM,2020-01-01,11:59:00 PM
"OBAT","CENDO GENTA 0,3% SALEP MATA","BUAH",40013,,,,,,,1990-01-01,12:00:00 AM,2020-01-01,11:59:00 PM
"OBAT","CENDO GENTA 0,3% T.M. 5 ML","BUAH",31213,,,,,,,1990-01-01,12:00:00 AM,2020-01-01,11:59:00 PM
"OBAT","CENDO STATROL T.M. 5 ML","BUAH",20075,,,,,,,1990-01-01,12:00:00 AM,2020-01-01,11:59:00 PM
"OBAT","CENDO XITROL T.M. 5 ML","BUAH",29975,,,,,,,1990-01-01,12:00:00 AM,2020-01-01,11:59:00 PM
"OBAT","CEPHALEXIN 500 MG KAPSUL","BUAH",1380,,,,,,,1990-01-01,12:00:00 AM,2020-01-01,11:59:00 PM
"OBAT","CERINI SYRUP","BUAH",41580,,,,,,,1990-01-01,12:00:00 AM,2020-01-01,11:59:00 PM
"OBAT","CERNEVIT INJEKSI","BUAH",179300,,,,,,,1990-01-01,12:00:00 AM,2020-01-01,11:59:00 PM
"OBAT","CERVARIX","BUAH",583000,,,,,,,1990-01-01,12:00:00 AM,2020-01-01,11:59:00 PM
"OBAT","CETINAL SYRUP","BUAH",55000,,,,,,,1990-01-01,12:00:00 AM,2020-01-01,11:59:00 PM
"OBAT","CETINAL TABLET KUNYAH 10 MG","BUAH",5650,,,,,,,1990-01-01,12:00:00 AM,2020-01-01,11:59:00 PM
"OBAT","CETIRIZINE 10MG KAP","BUAH","313,5",,,,,,,1990-01-01,12:00:00 AM,2020-01-01,11:59:00 PM
"OBAT","CHLORAMPHENICOL 250 MG","BUAH",0,,,,,,,1990-01-01,12:00:00 AM,2020-01-01,11:59:00 PM
"OBAT","CHORAMPECORT-H KRIM","BUAH",12650,,,,,,,1990-01-01,12:00:00 AM,2020-01-01,11:59:00 PM
"OBAT","CIMETIDIN 200 MG TABLET","BUAH",0,,,,,,,1990-01-01,12:00:00 AM,2020-01-01,11:59:00 PM
"OBAT","CINAM INJEKSI","BUAH",149490,,,,,,,1990-01-01,12:00:00 AM,2020-01-01,11:59:00 PM
"OBAT","CIPROFLOXACIN 500 MG TABLET","BUAH","362,5",,,,,,,1990-01-01,12:00:00 AM,2020-01-01,11:59:00 PM
"OBAT","CLANEKSI 1 G INJEKSI","BUAH",100375,,,,,,,1990-01-01,12:00:00 AM,2020-01-01,11:59:00 PM
"OBAT","CLANEKSI 500 MG KAPLET","BUAH",12606,,,,,,,1990-01-01,12:00:00 AM,2020-01-01,11:59:00 PM
"OBAT","CLANEKSI DRY SYRUP 60 ML","BUAH",55550,,,,,,,1990-01-01,12:00:00 AM,2020-01-01,11:59:00 PM
"OBAT","CLANEKSI FORTE DRY SYRUP 60 ML","BUAH",73700,,,,,,,1990-01-01,12:00:00 AM,2020-01-01,11:59:00 PM
"OBAT","CLINDAMYCIN 300 MG KAPSUL","BUAH","1428,57",,,,,,,1990-01-01,12:00:00 AM,2020-01-01,11:59:00 PM
"OBAT","CLINIUM 300","BUAH",0,,,,,,,1990-01-01,12:00:00 AM,2020-01-01,11:59:00 PM
"OBAT","CLINMAS 300 MG KAPSUL","BUAH",7700,,,,,,,1990-01-01,12:00:00 AM,2020-01-01,11:59:00 PM
"OBAT","CLINOLEIC INFUS 100 ML","BUAH",212850,,,,,,,1990-01-01,12:00:00 AM,2020-01-01,11:59:00 PM
"OBAT","CLOPEDIN INJ","BUAH",27830,,,,,,,1990-01-01,12:00:00 AM,2020-01-01,11:59:00 PM
"OBAT","COBAZYM 1000 MG KAPSUL","BUAH",4180,,,,,,,1990-01-01,12:00:00 AM,2020-01-01,11:59:00 PM
"OBAT","CODIKAF 10 MG TABLET","BUAH",1110,,,,,,,1990-01-01,12:00:00 AM,2020-01-01,11:59:00 PM
"OBAT","CODIKAF 20 MG","BUAH",1716,,,,,,,1990-01-01,12:00:00 AM,2020-01-01,11:59:00 PM
"OBAT","COLSANCETIN 1 G INJEKSI","BUAH",10692,,,,,,,1990-01-01,12:00:00 AM,2020-01-01,11:59:00 PM
"OBAT","COLSANCETIN SYRUP 60 ML","BUAH",11220,,,,,,,1990-01-01,12:00:00 AM,2020-01-01,11:59:00 PM
"OBAT","COLSANCETINE KAPSUL 250 MG","BUAH",605,,,,,,,1990-01-01,12:00:00 AM,2020-01-01,11:59:00 PM
"OBAT","COMBANTRIN 125 MG TABLET","BUAH",3325,,,,,,,1990-01-01,12:00:00 AM,2020-01-01,11:59:00 PM
"OBAT","COMBIVENT UDV 2,5 ML","BUAH","16464,53",,,,,,,1990-01-01,12:00:00 AM,2020-01-01,11:59:00 PM
"ALKES","COMTUSI SYRUP 60ML","BUAH",37400,,,,,,,1990-01-01,12:00:00 AM,2020-01-01,11:59:00 PM
"OBAT","CORDARONE INJ","BUAH",42000,,,,,,,1990-01-01,12:00:00 AM,2020-01-01,11:59:00 PM
"OBAT","CORTIDEX INJEKSI","BUAH","6528,5",,,,,,,1990-01-01,12:00:00 AM,2020-01-01,11:59:00 PM
"OBAT","CORTIDEX TABLET","BUAH","342,1",,,,,,,1990-01-01,12:00:00 AM,2020-01-01,11:59:00 PM
"OBAT","COTRIMOXSAZOLE TABLET","BUAH",190,,,,,,,1990-01-01,12:00:00 AM,2020-01-01,11:59:00 PM
"OBAT","CRIPSA","BUAH",16280,,,,,,,1990-01-01,12:00:00 AM,2020-01-01,11:59:00 PM
"ALKES","CURASPONT TAMPON","BUAH",74000,,,,,,,1990-01-01,12:00:00 AM,2020-01-01,11:59:00 PM
"OBAT","CURVIT CL EMULSION","BUAH",51150,,,,,,,1990-01-01,12:00:00 AM,2020-01-01,11:59:00 PM
"OBAT","CYGEST SUPP 400MG","BUAH",26620,,,,,,,1990-01-01,12:00:00 AM,2020-01-01,11:59:00 PM
"OBAT","CYGEST SUPPOSITORIA 200 MG","BUAH",14641,,,,,,,1990-01-01,12:00:00 AM,2020-01-01,11:59:00 PM
"OBAT","CYTOTEC 200 MCG TABLET","BUAH",22110,,,,,,,1990-01-01,12:00:00 AM,2020-01-01,11:59:00 PM
"OBAT","D5 BBRAUN 500 CC","BUAH","6900,3",,,,,,,1990-01-01,12:00:00 AM,2020-01-01,11:59:00 PM
"OBAT","D5 OTSUKA 500 CC","BUAH",16600,,,,,,,1990-01-01,12:00:00 AM,2020-01-01,11:59:00 PM
"OBAT","D5 PYGGYBACK OTSUKA 100 CC","BUAH",15180,,,,,,,1990-01-01,12:00:00 AM,2020-01-01,11:59:00 PM
"OBAT","DALACIN - C 300 MG KAPSUL","BUAH","17620,63",,,,,,,1990-01-01,12:00:00 AM,2020-01-01,11:59:00 PM
"OBAT","DEHIDRALYTE 200 ML","BUAH",16500,,,,,,,1990-01-01,12:00:00 AM,2020-01-01,11:59:00 PM
"ALKES","DERMAFIX-S 4,4 x 4,4","BUAH",1980,,,,,,,1990-01-01,12:00:00 AM,2020-01-01,11:59:00 PM
"ALKES","DERMAFIX-S 6 x 7","BUAH","3484,8",,,,,,,1990-01-01,12:00:00 AM,2020-01-01,11:59:00 PM
"ALKES","DERMAFIX-T","BUAH",16500,,,,,,,1990-01-01,12:00:00 AM,2020-01-01,11:59:00 PM
"OBAT","DESOLEX - N KRIM 10 G","BUAH",28435,,,,,,,1990-01-01,12:00:00 AM,2020-01-01,11:59:00 PM
"OBAT","DESOLEX KRIM 10 G","BUAH",22715,,,,,,,1990-01-01,12:00:00 AM,2020-01-01,11:59:00 PM
"OBAT","DEXAMETHASON 0,5 MG TABLET","BUAH","170,5",,,,,,,1990-01-01,12:00:00 AM,2020-01-01,11:59:00 PM
"OBAT","DEXAMETHASON INJEKSI","BUAH","2196,5",,,,,,,1990-01-01,12:00:00 AM,2020-01-01,11:59:00 PM
"OBAT","DEXTAFEN TAB","BUAH",1650,,,,,,,1990-01-01,12:00:00 AM,2020-01-01,11:59:00 PM
"OBAT","DEXTRAL KAPLET","BUAH",434,,,,,,,1990-01-01,12:00:00 AM,2020-01-01,11:59:00 PM
"OBAT","DEXTROSE 40% INJEKSI","BUAH",10010,,,,,,,1990-01-01,12:00:00 AM,2020-01-01,11:59:00 PM
"OBAT","DIFENHIDRAMIN HCL INJEKSI","BUAH","1695,1",,,,,,,1990-01-01,12:00:00 AM,2020-01-01,11:59:00 PM
"OBAT","DIFLUCAN 150 MG KAPSUL","BUAH","118874,4",,,,,,,1990-01-01,12:00:00 AM,2020-01-01,11:59:00 PM
"OBAT","DIGOXIN TABLET","BUAH",143,,,,,,,1990-01-01,12:00:00 AM,2020-01-01,11:59:00 PM
"OBAT","DISFLATYL 40 MG TABLET","BUAH",650,,,,,,,1990-01-01,12:00:00 AM,2020-01-01,11:59:00 PM
"OBAT","DOBUTAMIN SOLUTION INJ","BUAH","57172,5",,,,,,,1990-01-01,12:00:00 AM,2020-01-01,11:59:00 PM
"OBAT","DOMPERIDONE 10MG TABLET","BUAH","403,62",,,,,,,1990-01-01,12:00:00 AM,2020-01-01,11:59:00 PM
"OBAT","DOPAMET 250 MG","BUAH",2057,,,,,,,1990-01-01,12:00:00 AM,2020-01-01,11:59:00 PM
"OBAT","DOPAMIN GIULINI INJEKSI","BUAH",72457,,,,,,,1990-01-01,12:00:00 AM,2020-01-01,11:59:00 PM
"OBAT","DOXYCYCLINE 100 MG KAPSUL","BUAH","319,73",,,,,,,1990-01-01,12:00:00 AM,2020-01-01,11:59:00 PM
"OBAT","DULCOLACTOL SYRUP 60 ML","BUAH",61820,,,,,,,1990-01-01,12:00:00 AM,2020-01-01,11:59:00 PM
"OBAT","DULCOLAX 5 MG TABLET","BUAH","1563,38",,,,,,,1990-01-01,12:00:00 AM,2020-01-01,11:59:00 PM
"OBAT","DULCOLAX SUPP ADULT 10 MG","BUAH",22693,,,,,,,1990-01-01,12:00:00 AM,2020-01-01,11:59:00 PM
"OBAT","DULCOLAX SUPP INFANT 5 MG","BUAH","16266,33",,,,,,,1990-01-01,12:00:00 AM,2020-01-01,11:59:00 PM
"OBAT","DUMIN 500 MG TABLET","BUAH","445,83",,,,,,,1990-01-01,12:00:00 AM,2020-01-01,11:59:00 PM
"OBAT","DUMIN REKTAL TUBE 125 MG","BUAH","14108,6",,,,,,,1990-01-01,12:00:00 AM,2020-01-01,11:59:00 PM
"OBAT","DUMIN REKTAL TUBE 250 MG","BUAH","19698,8",,,,,,,1990-01-01,12:00:00 AM,2020-01-01,11:59:00 PM
"OBAT","DUMIN SYRUP 60 ML","BUAH","19432,6",,,,,,,1990-01-01,12:00:00 AM,2020-01-01,11:59:00 PM
"OBAT","DUMOCALCIN CHOC TABLET","BUAH","554,58",,,,,,,1990-01-01,12:00:00 AM,2020-01-01,11:59:00 PM
"OBAT","DUPHASTON TABLET","BUAH","17617,6",,,,,,,1990-01-01,12:00:00 AM,2020-01-01,11:59:00 PM
"OBAT","DUROGESIC 12,5","BUAH",125400,,,,,,,1990-01-01,12:00:00 AM,2020-01-01,11:59:00 PM
"OBAT","DUROGESIC 25","BUAH",237050,,,,,,,1990-01-01,12:00:00 AM,2020-01-01,11:59:00 PM
"OBAT","DUVADILAN TABLET","BUAH",5500,,,,,,,1990-01-01,12:00:00 AM,2020-01-01,11:59:00 PM
"ALKES","ECG ELEKTRODE DEWASA","BUAH","3946,8",,,,,,,1990-01-01,12:00:00 AM,2020-01-01,11:59:00 PM
"ALKES","ECG ELEKTRODE PAEDIATRIK","BUAH",0,,,,,,,1990-01-01,12:00:00 AM,2020-01-01,11:59:00 PM
"OBAT","EDORISAN DROP","BUAH",50600,,,,,,,1990-01-01,12:00:00 AM,2020-01-01,11:59:00 PM
"OBAT","ELKANA CL EMULSI 120ML","BUAH",49830,,,,,,,1990-01-01,12:00:00 AM,2020-01-01,11:59:00 PM
"OBAT","ELKANA SYRUP","BUAH",21835,,,,,,,1990-01-01,12:00:00 AM,2020-01-01,11:59:00 PM
"OBAT","ELKANA TABLET","BUAH","811,8",,,,,,,1990-01-01,12:00:00 AM,2020-01-01,11:59:00 PM
"OBAT","ELOCON KRIM 5 G","BUAH",63360,,,,,,,1990-01-01,12:00:00 AM,2020-01-01,11:59:00 PM
"OBAT","ELOX KRIM 5 G","BUAH",48400,,,,,,,1990-01-01,12:00:00 AM,2020-01-01,11:59:00 PM
"ALKES","ENDO TRACHEAL TUBE 2 RUSCH NON CUFF","BUAH",39325,,,,,,,1990-01-01,12:00:00 AM,2020-01-01,11:59:00 PM
"ALKES","ENDO TRACHEAL TUBE 2,5 RUSCH CUFF","BUAH",88000,,,,,,,1990-01-01,12:00:00 AM,2020-01-01,11:59:00 PM
"ALKES","ENDO TRACHEAL TUBE 2,5 RUSCH NON CUFF","BUAH",33000,,,,,,,1990-01-01,12:00:00 AM,2020-01-01,11:59:00 PM
"ALKES","ENDO TRACHEAL TUBE 3,0 CUFF","BUAH",68365,,,,,,,1990-01-01,12:00:00 AM,2020-01-01,11:59:00 PM
"ALKES","ENDO TRACHEAL TUBE 3,0 RUCSH NON CUFF","BUAH",35000,,,,,,,1990-01-01,12:00:00 AM,2020-01-01,11:59:00 PM
"ALKES","ENDO TRACHEAL TUBE 3,5 RUSCH CUFF","BUAH",50600,,,,,,,1990-01-01,12:00:00 AM,2020-01-01,11:59:00 PM
"ALKES","ENDO TRACHEAL TUBE 3.5 RUSCH NON CUFF","BUAH",35000,,,,,,,1990-01-01,12:00:00 AM,2020-01-01,11:59:00 PM
"ALKES","ENDO TRACHEAL TUBE 4,0 RUCSH NON CUFF","BUAH",35000,,,,,,,1990-01-01,12:00:00 AM,2020-01-01,11:59:00 PM
"ALKES","ENDO TRACHEAL TUBE 4,0 RUSCH CUFF","BUAH",68365,,,,,,,1990-01-01,12:00:00 AM,2020-01-01,11:59:00 PM
"ALKES","ENDO TRACHEAL TUBE 4,5 RUSCH CUFF","BUAH",55000,,,,,,,1990-01-01,12:00:00 AM,2020-01-01,11:59:00 PM
"ALKES","ENDO TRACHEAL TUBE 4,5 RUSCH NONCUFF","BUAH",0,,,,,,,1990-01-01,12:00:00 AM,2020-01-01,11:59:00 PM
"ALKES","ENDO TRACHEAL TUBE 5,0 NON CUFF","BUAH",0,,,,,,,1990-01-01,12:00:00 AM,2020-01-01,11:59:00 PM
"ALKES","ENDO TRACHEAL TUBE 5,0 RUSCH CUFF","BUAH",50500,,,,,,,1990-01-01,12:00:00 AM,2020-01-01,11:59:00 PM
"ALKES","ENDO TRACHEAL TUBE 5,5 RUSCH CUFF","BUAH",50000,,,,,,,1990-01-01,12:00:00 AM,2020-01-01,11:59:00 PM
"ALKES","ENDO TRACHEAL TUBE 5.5 NON CUFF","BUAH","19662,5",,,,,,,1990-01-01,12:00:00 AM,2020-01-01,11:59:00 PM
"ALKES","ENDO TRACHEAL TUBE 6 RUCSH","BUAH",50000,,,,,,,1990-01-01,12:00:00 AM,2020-01-01,11:59:00 PM
"ALKES","ENDO TRACHEAL TUBE 6 RUSCH CUFF","BUAH",27500,,,,,,,1990-01-01,12:00:00 AM,2020-01-01,11:59:00 PM
"ALKES","ENDO TRACHEAL TUBE 6,5 RUSCH CUFF","BUAH",55000,,,,,,,1990-01-01,12:00:00 AM,2020-01-01,11:59:00 PM
"ALKES","ENDO TRACHEAL TUBE 7 RUSH CUFF","BUAH",68365,,,,,,,1990-01-01,12:00:00 AM,2020-01-01,11:59:00 PM
"ALKES","ENDO TRACHEAL TUBE 7,5 RUSCH CUFF","BUAH",50500,,,,,,,1990-01-01,12:00:00 AM,2020-01-01,11:59:00 PM
"ALKES","ENDO TRACHEAL TUBE 8 RUSH CUFF","BUAH",0,,,,,,,1990-01-01,12:00:00 AM,2020-01-01,11:59:00 PM
"ALKES","ENDOTRACHEAL NO 2,5 CUFF","BUAH",0,,,,,,,1990-01-01,12:00:00 AM,2020-01-01,11:59:00 PM
"OBAT","ENDROLIN 3,75 INJEKSI","BUAH",534800,,,,,,,1990-01-01,12:00:00 AM,2020-01-01,11:59:00 PM
"OBAT","ENTRAKID VANILA/COKLAT 185 G","BUAH",47190,,,,,,,1990-01-01,12:00:00 AM,2020-01-01,11:59:00 PM
"OBAT","ENYSTIN PAED DROP","BUAH",37400,,,,,,,1990-01-01,12:00:00 AM,2020-01-01,11:59:00 PM
"OBAT","EPEXOL 30 MG TABLET","BUAH",869,,,,,,,1990-01-01,12:00:00 AM,2020-01-01,11:59:00 PM
"OBAT","EPEXOL DROP","BUAH",39380,,,,,,,1990-01-01,12:00:00 AM,2020-01-01,11:59:00 PM
"OBAT","EPEXOL SYRUP","BUAH",17930,,,,,,,1990-01-01,12:00:00 AM,2020-01-01,11:59:00 PM
"OBAT","EPHEDRIN HCL INJEKSI","BUAH",27500,,,,,,,1990-01-01,12:00:00 AM,2020-01-01,11:59:00 PM
"OBAT","EPINEPHRINE 0,1% INJEKSI","BUAH","6083,51",,,,,,,1990-01-01,12:00:00 AM,2020-01-01,11:59:00 PM
"OBAT","ERLAMICETIN TM","BUAH",14025,,,,,,,1990-01-01,12:00:00 AM,2020-01-01,11:59:00 PM
"OBAT","ERYSANBE 200 MG CHEWABLE","BUAH",1683,,,,,,,1990-01-01,12:00:00 AM,2020-01-01,11:59:00 PM
"OBAT","ERYSANBE 250 MG KAPSUL","BUAH","1446,5",,,,,,,1990-01-01,12:00:00 AM,2020-01-01,11:59:00 PM
"OBAT","ERYSANBE 500 MG KAPLET","BUAH","2777,5",,,,,,,1990-01-01,12:00:00 AM,2020-01-01,11:59:00 PM
"OBAT","ERYSANBE DRY SYRUP 60 ML","BUAH",23100,,,,,,,1990-01-01,12:00:00 AM,2020-01-01,11:59:00 PM
"OBAT","ERYTHROMYCIN 500","BUAH","1071,43",,,,,,,1990-01-01,12:00:00 AM,2020-01-01,11:59:00 PM
"ALKES","EXTENSION TUBE 150 CM","BUAH",41030,,,,,,,1990-01-01,12:00:00 AM,2020-01-01,11:59:00 PM
"OBAT","EXTENSION TUBE SFET 75 CM","BUAH",18480,,,,,,,1990-01-01,12:00:00 AM,2020-01-01,11:59:00 PM
"OBAT","F.G. TROCHES TABLET","BUAH","1109,17",,,,,,,1990-01-01,12:00:00 AM,2020-01-01,11:59:00 PM
"OBAT","FARGOXIN INJ","BUAH",38500,,,,,,,1990-01-01,12:00:00 AM,2020-01-01,11:59:00 PM
"ALKES","FEEDING TUBE 10 JMS","BUAH",19800,,,,,,,1990-01-01,12:00:00 AM,2020-01-01,11:59:00 PM
"ALKES","FEEDING TUBE 3,5 TERUMO","BUAH",42350,,,,,,,1990-01-01,12:00:00 AM,2020-01-01,11:59:00 PM
"ALKES","FEEDING TUBE 5/40 TERUMO","BUAH",1925,,,,,,,1990-01-01,12:00:00 AM,2020-01-01,11:59:00 PM
"OBAT","FENTANYL INJEKSI","BUAH",48400,,,,,,,1990-01-01,12:00:00 AM,2020-01-01,11:59:00 PM
"OBAT","FERRIZ DROP 15 ML","BUAH",33000,,,,,,,1990-01-01,12:00:00 AM,2020-01-01,11:59:00 PM
"OBAT","FERRIZ SYRUP 100 ML","BUAH",33000,,,,,,,1990-01-01,12:00:00 AM,2020-01-01,11:59:00 PM
"ALKES","FIXOMULL 10CMX5M","BUAH","101524,5",,,,,,,1990-01-01,12:00:00 AM,2020-01-01,11:59:00 PM
"OBAT","FLADYSTIN OVULA","BUAH",14300,,,,,,,1990-01-01,12:00:00 AM,2020-01-01,11:59:00 PM
"OBAT","FLAMAR 50 MG TABLET","BUAH",3718,,,,,,,1990-01-01,12:00:00 AM,2020-01-01,11:59:00 PM
"OBAT","FLORAGYN TABLET","BUAH",12100,,,,,,,1990-01-01,12:00:00 AM,2020-01-01,11:59:00 PM
"OBAT","FLUIMUCIL 200 MG KAPSUL","BUAH","5637,5",,,,,,,1990-01-01,12:00:00 AM,2020-01-01,11:59:00 PM
"OBAT","FLUNARIZIN 5MG TAB","BUAH",0,,,,,,,1990-01-01,12:00:00 AM,2020-01-01,11:59:00 PM
"OBAT","FLUOMIZIN TAB","BUAH",35300,,,,,,,1990-01-01,12:00:00 AM,2020-01-01,11:59:00 PM
"OBAT","FOLAMIL GENIO KAPLET","BUAH",3850,,,,,,,1990-01-01,12:00:00 AM,2020-01-01,11:59:00 PM
"OBAT","FOLAMIL GOLD","BUAH",4400,,,,,,,1990-01-01,12:00:00 AM,2020-01-01,11:59:00 PM
"OBAT","FOLAMIL KAPLET","BUAH",1320,,,,,,,1990-01-01,12:00:00 AM,2020-01-01,11:59:00 PM
"OBAT","FOLAVIT 400 ï¿½G TABLET","BUAH","867,9",,,,,,,1990-01-01,12:00:00 AM,2020-01-01,11:59:00 PM
"ALKES","FOLLEY  CATHETER 8 RUSCH","BUAH",38500,,,,,,,1990-01-01,12:00:00 AM,2020-01-01,11:59:00 PM
"ALKES","FOLLEY CATHATER 18 ONE MED","BUAH",13750,,,,,,,1990-01-01,12:00:00 AM,2020-01-01,11:59:00 PM
"ALKES","FOLLEY CATHATER 18 RUSCH","BUAH",15125,,,,,,,1990-01-01,12:00:00 AM,2020-01-01,11:59:00 PM
"ALKES","FOLLEY CATHERET 10 RUSCH","BUAH",38500,,,,,,,1990-01-01,12:00:00 AM,2020-01-01,11:59:00 PM
"ALKES","FOLLEY CATHETER 12 RUSCH","BUAH",14080,,,,,,,1990-01-01,12:00:00 AM,2020-01-01,11:59:00 PM
"ALKES","FOLLEY CATHETER 14 ONEMED","BUAH",14960,,,,,,,1990-01-01,12:00:00 AM,2020-01-01,11:59:00 PM
"ALKES","FOLLEY CATHETER 20","BUAH",15125,,,,,,,1990-01-01,12:00:00 AM,2020-01-01,11:59:00 PM
"ALKES","FOLLEY CATHETER 6 RUSCH","BUAH",143000,,,,,,,1990-01-01,12:00:00 AM,2020-01-01,11:59:00 PM
"OBAT","FORMUNO KAPLET","BUAH",6600,,,,,,,1990-01-01,12:00:00 AM,2020-01-01,11:59:00 PM
"OBAT","FULADIC KRIM 5 G","BUAH",58300,,,,,,,1990-01-01,12:00:00 AM,2020-01-01,11:59:00 PM
"OBAT","FURAMIN INJ","BUAH",11400,,,,,,,1990-01-01,12:00:00 AM,2020-01-01,11:59:00 PM
"OBAT","FUROSEMIDE 40 MG TABLET","BUAH","566,68",,,,,,,1990-01-01,12:00:00 AM,2020-01-01,11:59:00 PM
"OBAT","FUTROLIT INFUS","BUAH","39326,1",,,,,,,1990-01-01,12:00:00 AM,2020-01-01,11:59:00 PM
"OBAT","GASTRIDIN INJEKSI","BUAH",24200,,,,,,,1990-01-01,12:00:00 AM,2020-01-01,11:59:00 PM
"OBAT","GASTRUL 200 MCG TABLET","BUAH",11440,,,,,,,1990-01-01,12:00:00 AM,2020-01-01,11:59:00 PM
"OBAT","GELOFUSINE 500 CC","BUAH","88300,3",,,,,,,1990-01-01,12:00:00 AM,2020-01-01,11:59:00 PM
"OBAT","GENTAMICIN 0,1% 5 G SALEP","BUAH",3000,,,,,,,1990-01-01,12:00:00 AM,2020-01-01,11:59:00 PM
"OBAT","GENTAMICIN INJEKSI","BUAH",3696,,,,,,,1990-01-01,12:00:00 AM,2020-01-01,11:59:00 PM
"OBAT","GITAS PLUS KAPLET","BUAH",5940,,,,,,,1990-01-01,12:00:00 AM,2020-01-01,11:59:00 PM
"OBAT","GLIBENCLAMIDE TABLET 5 MG","BUAH",0,,,,,,,1990-01-01,12:00:00 AM,2020-01-01,11:59:00 PM
"OBAT","GLIMEPIRIDE 3 TAB","BUAH",1320,,,,,,,1990-01-01,12:00:00 AM,2020-01-01,11:59:00 PM
"OBAT","GLISODIN KAPSUL","BUAH","6233,33",,,,,,,1990-01-01,12:00:00 AM,2020-01-01,11:59:00 PM
"OBAT","GLYCERIN 1 LITER","BUAH",60500,,,,,,,1990-01-01,12:00:00 AM,2020-01-01,11:59:00 PM
"OBAT","GLYCERIN 1 ML","BUAH",0,,,,,,,1990-01-01,12:00:00 AM,2020-01-01,11:59:00 PM
"OBAT","GP-FERTIL TAB","BUAH",13310,,,,,,,1990-01-01,12:00:00 AM,2020-01-01,11:59:00 PM
"ALKES","HANSAPLAST ROL 1,25 X 1 M","BUAH","2699,84",,,,,,,1990-01-01,12:00:00 AM,2020-01-01,11:59:00 PM
"ALKES","HANSAPLAST SILVER CARE","BUAH",31595,,,,,,,1990-01-01,12:00:00 AM,2020-01-01,11:59:00 PM
"OBAT","HCT 25 MG TABLET","BUAH",200,,,,,,,1990-01-01,12:00:00 AM,2020-01-01,11:59:00 PM
"OBAT","HEMOBION KAPSUL","BUAH","1886,81",,,,,,,1990-01-01,12:00:00 AM,2020-01-01,11:59:00 PM
"OBAT","HEPTASAN 4 MG TABLET","BUAH",330,,,,,,,1990-01-01,12:00:00 AM,2020-01-01,11:59:00 PM
"OBAT","HIBONE ACTIVE CHEW","BUAH",2970,,,,,,,1990-01-01,12:00:00 AM,2020-01-01,11:59:00 PM
"OBAT","HIDROCORTISONE 1% KRIM 5 G","BUAH",4400,,,,,,,1990-01-01,12:00:00 AM,2020-01-01,11:59:00 PM
"OBAT","HIDROCORTISONE 2,5% KRIM 5 G","BUAH",5200,,,,,,,1990-01-01,12:00:00 AM,2020-01-01,11:59:00 PM
"ALKES","HIPAFIIX 5 M X 5 CM","BUAH",62000,,,,,,,1990-01-01,12:00:00 AM,2020-01-01,11:59:00 PM
"OBAT","IBUPROFEN 400 MG TABLET","BUAH","203,35",,,,,,,1990-01-01,12:00:00 AM,2020-01-01,11:59:00 PM
"OBAT","ILIADIN KINDER 0,025% TETES HIDUNG","BUAH",51590,,,,,,,1990-01-01,12:00:00 AM,2020-01-01,11:59:00 PM
"OBAT","IMODIUM TABLET","BUAH",7950,,,,,,,1990-01-01,12:00:00 AM,2020-01-01,11:59:00 PM
"ALKES","INFUS MAKRO NIPRO","BUAH",0,,,,,,,1990-01-01,12:00:00 AM,2020-01-01,11:59:00 PM
"ALKES","INFUS SET FOR STC503 (TSPA)","BUAH",7920,,,,,,,1990-01-01,12:00:00 AM,2020-01-01,11:59:00 PM
"OBAT","INFUSAN D10 500 ML","BUAH",20075,,,,,,,1990-01-01,12:00:00 AM,2020-01-01,11:59:00 PM
"OBAT","INFUSAN D5 1/2 500 ML SINGLE POT","BUAH","7136,14",,,,,,,1990-01-01,12:00:00 AM,2020-01-01,11:59:00 PM
"OBAT","INFUSAN D5 1/4 500 ML SINGLE POT","BUAH",20350,,,,,,,1990-01-01,12:00:00 AM,2020-01-01,11:59:00 PM
"OBAT","INFUSAN D5+1/4NS 500 ML","BUAH","9400,81",,,,,,,1990-01-01,12:00:00 AM,2020-01-01,11:59:00 PM
"OBAT","INFUSAN NS PYGGYBACK 100 ML","BUAH","9350,91",,,,,,,1990-01-01,12:00:00 AM,2020-01-01,11:59:00 PM
"OBAT","INFUSAN -RL 500 ML","BUAH",0,,,,,,,1990-01-01,12:00:00 AM,2020-01-01,11:59:00 PM
"OBAT","INFUSAN -RL 500 ML SINGLE POT","BUAH",0,,,,,,,1990-01-01,12:00:00 AM,2020-01-01,11:59:00 PM
"OBAT","INFUSAN-D5+1/2 NS 500 ML","BUAH",20900,,,,,,,1990-01-01,12:00:00 AM,2020-01-01,11:59:00 PM
"ALKES","INFUSION SET MIKRO TERUMO (TKA)","BUAH",20900,,,,,,,1990-01-01,12:00:00 AM,2020-01-01,11:59:00 PM
"ALKES","INFUSION SET NIPRO TYPE  Y","BUAH",8470,,,,,,,1990-01-01,12:00:00 AM,2020-01-01,11:59:00 PM
"OBAT","INTERLAC CHEWABLE TABLET","BUAH",9064,,,,,,,1990-01-01,12:00:00 AM,2020-01-01,11:59:00 PM
"OBAT","INTERLAC DROP","BUAH",281300,,,,,,,1990-01-01,12:00:00 AM,2020-01-01,11:59:00 PM
"OBAT","INTERZINC SYRUP","BUAH",37312,,,,,,,1990-01-01,12:00:00 AM,2020-01-01,11:59:00 PM
"OBAT","INTERZINC TABLET","BUAH",3850,,,,,,,1990-01-01,12:00:00 AM,2020-01-01,11:59:00 PM
"ALKES","INTRAFIX SAFESET","BUAH",21175,,,,,,,1990-01-01,12:00:00 AM,2020-01-01,11:59:00 PM
"ALKES","INTRASITE GEL 15 G","BUAH",99000,,,,,,,1990-01-01,12:00:00 AM,2020-01-01,11:59:00 PM
"OBAT","IPROX SYR","BUAH",49500,,,,,,,1990-01-01,12:00:00 AM,2020-01-01,11:59:00 PM
"OBAT","IRBESARTAN 150","BUAH",0,,,,,,,1990-01-01,12:00:00 AM,2020-01-01,11:59:00 PM
"OBAT","IRBESARTAN 200","BUAH",0,,,,,,,1990-01-01,12:00:00 AM,2020-01-01,11:59:00 PM
"OBAT","ISOFLURANE SOLUTION","BUAH",1996500,,,,,,,1990-01-01,12:00:00 AM,2020-01-01,11:59:00 PM
"OBAT","ISOPRINOSINE 500 MG TABLET","BUAH","13426,88",,,,,,,1990-01-01,12:00:00 AM,2020-01-01,11:59:00 PM
"OBAT","ISOSORBIDE DINITRATE 5 MG","BUAH",200,,,,,,,1990-01-01,12:00:00 AM,2020-01-01,11:59:00 PM
"OBAT","ISPRINOL SYR 60 ML","BUAH",82500,,,,,,,1990-01-01,12:00:00 AM,2020-01-01,11:59:00 PM
"ALKES","IUD ANDALAN","BUAH",100000,,,,,,,1990-01-01,12:00:00 AM,2020-01-01,11:59:00 PM
"ALKES","JACSEN RISE ANAK","BUAH",0,,,,,,,1990-01-01,12:00:00 AM,2020-01-01,11:59:00 PM
"ALKES","JACSEN RISE BAYI","BUAH",0,,,,,,,1990-01-01,12:00:00 AM,2020-01-01,11:59:00 PM
"ALKES","JACSEN RISE DEWASA","BUAH",148500,,,,,,,1990-01-01,12:00:00 AM,2020-01-01,11:59:00 PM
"ALKES","JARUM 18 G TERUMO","BUAH",1980,,,,,,,1990-01-01,12:00:00 AM,2020-01-01,11:59:00 PM
"ALKES","JARUM 21 G ONEMED","BUAH",198,,,,,,,1990-01-01,12:00:00 AM,2020-01-01,11:59:00 PM
"ALKES","JARUM 21 G TERUMO","BUAH",1980,,,,,,,1990-01-01,12:00:00 AM,2020-01-01,11:59:00 PM
"ALKES","JARUM 23 G TERUMO","BUAH",1980,,,,,,,1990-01-01,12:00:00 AM,2020-01-01,11:59:00 PM
"ALKES","JARUM 25 G TERUMO","BUAH",1980,,,,,,,1990-01-01,12:00:00 AM,2020-01-01,11:59:00 PM
"ALKES","JARUM 26 G TERUMO","BUAH",1980,,,,,,,1990-01-01,12:00:00 AM,2020-01-01,11:59:00 PM
"OBAT","KA-EN 3B OTSUKA 500 CC","BUAH",26400,,,,,,,1990-01-01,12:00:00 AM,2020-01-01,11:59:00 PM
"OBAT","KA-EN 4B OTSUKA 500 CC","BUAH",24200,,,,,,,1990-01-01,12:00:00 AM,2020-01-01,11:59:00 PM
"OBAT","KALFOXIM 1 G INJEKSI","BUAH",154000,,,,,,,1990-01-01,12:00:00 AM,2020-01-01,11:59:00 PM
"OBAT","KALMETHASON 0,5 TABLET","BUAH",110,,,,,,,1990-01-01,12:00:00 AM,2020-01-01,11:59:00 PM
"OBAT","KALNEX 500MG TABLET","BUAH",3520,,,,,,,1990-01-01,12:00:00 AM,2020-01-01,11:59:00 PM
"OBAT","KALSIUM LAKTAT","BUAH",200,,,,,,,1990-01-01,12:00:00 AM,2020-01-01,11:59:00 PM
"OBAT","KANAMYCIN MEIJI 250 MG KAPSUL","BUAH",1485,,,,,,,1990-01-01,12:00:00 AM,2020-01-01,11:59:00 PM
"OBAT","KANDISTATIN SUSPENSI 12 ML","BUAH",38500,,,,,,,1990-01-01,12:00:00 AM,2020-01-01,11:59:00 PM
"OBAT","KAPSUL KOSONG NO. 0","BUAH","44,5",,,,,,,1990-01-01,12:00:00 AM,2020-01-01,11:59:00 PM
"OBAT","KAPSUL KOSONG NO. 00","BUAH",75,,,,,,,1990-01-01,12:00:00 AM,2020-01-01,11:59:00 PM
"OBAT","KAPSUL KOSONG NO. 1","BUAH",43,,,,,,,1990-01-01,12:00:00 AM,2020-01-01,11:59:00 PM
"OBAT","KAPSUL KOSONG NO. 2","BUAH","41,5",,,,,,,1990-01-01,12:00:00 AM,2020-01-01,11:59:00 PM
"ALKES","KASA STERIL HUSADA 16X16","BUAH",2090,,,,,,,1990-01-01,12:00:00 AM,2020-01-01,11:59:00 PM
"OBAT","KCL 3% SYRUP 100 ML","BUAH",16500,,,,,,,1990-01-01,12:00:00 AM,2020-01-01,11:59:00 PM
"OBAT","KCL 3% SYRUP 60 ML","BUAH",15000,,,,,,,1990-01-01,12:00:00 AM,2020-01-01,11:59:00 PM
"OBAT","KCL 7,46% INJEKSI","BUAH",9130,,,,,,,1990-01-01,12:00:00 AM,2020-01-01,11:59:00 PM
"OBAT","KENACORT A CREAM","BUAH",84500,,,,,,,1990-01-01,12:00:00 AM,2020-01-01,11:59:00 PM
"OBAT","KENALOG IN ORABASE","BUAH",54450,,,,,,,1990-01-01,12:00:00 AM,2020-01-01,11:59:00 PM
"OBAT","KETAMINE HAMELN INJ","BUAH","62299,6",,,,,,,1990-01-01,12:00:00 AM,2020-01-01,11:59:00 PM
"OBAT","KETOCONAZOL KRIM","BUAH","6999,99",,,,,,,1990-01-01,12:00:00 AM,2020-01-01,11:59:00 PM
"OBAT","KETOCONAZOLE TAB","BUAH","379,98",,,,,,,1990-01-01,12:00:00 AM,2020-01-01,11:59:00 PM
"OBAT","KETOROLAC INJEKSI 30 MG","BUAH",13365,,,,,,,1990-01-01,12:00:00 AM,2020-01-01,11:59:00 PM
"OBAT","KTM 100 MG INJ","BUAH",0,,,,,,,1990-01-01,12:00:00 AM,2020-01-01,11:59:00 PM
"OBAT","KUTOIN INJEKSI","BUAH",82225,,,,,,,1990-01-01,12:00:00 AM,2020-01-01,11:59:00 PM
"OBAT","L- ZINC SYRUP","BUAH",36300,,,,,,,1990-01-01,12:00:00 AM,2020-01-01,11:59:00 PM
"OBAT","LACTACYD LIQUID 60 ML","BUAH",25300,,,,,,,1990-01-01,12:00:00 AM,2020-01-01,11:59:00 PM
"OBAT","LACTO-B 1 G SACHET","BUAH",6490,,,,,,,1990-01-01,12:00:00 AM,2020-01-01,11:59:00 PM
"OBAT","LAKTAFIT TABLET","BUAH",2970,,,,,,,1990-01-01,12:00:00 AM,2020-01-01,11:59:00 PM
"OBAT","LAMESON 16 MG TABLET","BUAH",8250,,,,,,,1990-01-01,12:00:00 AM,2020-01-01,11:59:00 PM
"OBAT","LAMESON 4 MG TABLET","BUAH",3575,,,,,,,1990-01-01,12:00:00 AM,2020-01-01,11:59:00 PM
"OBAT","LAMESON 8 MG TABLET","BUAH",5390,,,,,,,1990-01-01,12:00:00 AM,2020-01-01,11:59:00 PM
"ALKES","LAMINARIA L","BUAH",75000,,,,,,,1990-01-01,12:00:00 AM,2020-01-01,11:59:00 PM
"ALKES","LAMINARIA M","BUAH",88000,,,,,,,1990-01-01,12:00:00 AM,2020-01-01,11:59:00 PM
"ALKES","LAMINARIA S","BUAH",0,,,,,,,1990-01-01,12:00:00 AM,2020-01-01,11:59:00 PM
"OBAT","LANSOPRAZOL 30MG","BUAH","1351,35",,,,,,,1990-01-01,12:00:00 AM,2020-01-01,11:59:00 PM
"OBAT","LAPICEF DROP","BUAH",57200,,,,,,,1990-01-01,12:00:00 AM,2020-01-01,11:59:00 PM
"OBAT","LAPRAZ 30 MG KAPSUL","BUAH",12540,,,,,,,1990-01-01,12:00:00 AM,2020-01-01,11:59:00 PM
"OBAT","LASIK TABLET 40 MG","BUAH","5141,14",,,,,,,1990-01-01,12:00:00 AM,2020-01-01,11:59:00 PM
"OBAT","LAXADINE SYRUP 60 ML","BUAH",39600,,,,,,,1990-01-01,12:00:00 AM,2020-01-01,11:59:00 PM
"OBAT","LAXOBERON DROP 10 ML","BUAH",88220,,,,,,,1990-01-01,12:00:00 AM,2020-01-01,11:59:00 PM
"OBAT","L-BIO SACHET","BUAH",7260,,,,,,,1990-01-01,12:00:00 AM,2020-01-01,11:59:00 PM
"OBAT","LBW GOLD S 26","BUAH",0,,,,,,,1990-01-01,12:00:00 AM,2020-01-01,11:59:00 PM
"OBAT","LEPSIO SYRUP","BUAH",82500,,,,,,,1990-01-01,12:00:00 AM,2020-01-01,11:59:00 PM
"OBAT","LEVEMIR FLEXPEN INSULIN","BUAH",165900,,,,,,,1990-01-01,12:00:00 AM,2020-01-01,11:59:00 PM
"OBAT","LEVOFLOXACIN 500 MG","BUAH","1153,68",,,,,,,1990-01-01,12:00:00 AM,2020-01-01,11:59:00 PM
"OBAT","LIDOCAIN INJEKSI 2 %","BUAH",1760,,,,,,,1990-01-01,12:00:00 AM,2020-01-01,11:59:00 PM
"OBAT","LIDODEX INJEKSI","BUAH",60500,,,,,,,1990-01-01,12:00:00 AM,2020-01-01,11:59:00 PM
"OBAT","LIKURMIN SYRUP 100 ML","BUAH",44000,,,,,,,1990-01-01,12:00:00 AM,2020-01-01,11:59:00 PM
"OBAT","LIPOFUNDIN","BUAH","130000,2",,,,,,,1990-01-01,12:00:00 AM,2020-01-01,11:59:00 PM
"OBAT","LIPOMED 20 %","BUAH",148000,,,,,,,1990-01-01,12:00:00 AM,2020-01-01,11:59:00 PM
"OBAT","LIPROLAC SACHET","BUAH",6600,,,,,,,1990-01-01,12:00:00 AM,2020-01-01,11:59:00 PM
"OBAT","LODIA TABLET","BUAH",1045,,,,,,,1990-01-01,12:00:00 AM,2020-01-01,11:59:00 PM
"OBAT","LOUMATULLE","BUAH",14300,,,,,,,1990-01-01,12:00:00 AM,2020-01-01,11:59:00 PM
"OBAT","MADECASSOL TABLET","BUAH","9528,75",,,,,,,1990-01-01,12:00:00 AM,2020-01-01,11:59:00 PM
"OBAT","MALTOFER CHEW TAB","BUAH","2823,33",,,,,,,1990-01-01,12:00:00 AM,2020-01-01,11:59:00 PM
"ALKES","MASKER ANAK O2 RESERVOIR","BUAH",28875,,,,,,,1990-01-01,12:00:00 AM,2020-01-01,11:59:00 PM
"ALKES","MASKER DEWASA O2 RESERVOIR","BUAH",27500,,,,,,,1990-01-01,12:00:00 AM,2020-01-01,11:59:00 PM
"ALKES","MASKER HIJAB","BUAH","530,2",,,,,,,1990-01-01,12:00:00 AM,2020-01-01,11:59:00 PM
"ALKES","MASKER O2 ANAK","BUAH",8712,,,,,,,1990-01-01,12:00:00 AM,2020-01-01,11:59:00 PM
"ALKES","MASKER O2 BAYI","BUAH",0,,,,,,,1990-01-01,12:00:00 AM,2020-01-01,11:59:00 PM
"ALKES","MASKER O2 DEWASA","BUAH",8712,,,,,,,1990-01-01,12:00:00 AM,2020-01-01,11:59:00 PM
"ALKES","MAXTER EXAM GLOVE PEP L","BUAH",0,,,,,,,1990-01-01,12:00:00 AM,2020-01-01,11:59:00 PM
"ALKES","MAXTER EXAM GLOVE PEP M","BUAH",550,,,,,,,1990-01-01,12:00:00 AM,2020-01-01,11:59:00 PM
"ALKES","MAXTER EXAM GLOVE PEP S","BUAH",550,,,,,,,1990-01-01,12:00:00 AM,2020-01-01,11:59:00 PM
"ALKES","MAXTER EXAM GLOVE PEP XSMALL","BUAH",550,,,,,,,1990-01-01,12:00:00 AM,2020-01-01,11:59:00 PM
"OBAT","MAXTER STERIL 7","BUAH",4180,,,,,,,1990-01-01,12:00:00 AM,2020-01-01,11:59:00 PM
"ALKES","MAXTER STERIL 7,5","BUAH",4180,,,,,,,1990-01-01,12:00:00 AM,2020-01-01,11:59:00 PM
"ALKES","MAXTER STERIL 8","BUAH",4180,,,,,,,1990-01-01,12:00:00 AM,2020-01-01,11:59:00 PM
"ALKES","MAXTER STERIL 8 ,5","BUAH",4180,,,,,,,1990-01-01,12:00:00 AM,2020-01-01,11:59:00 PM
"ALKES","MAYO NO. 2","BUAH",108500,,,,,,,1990-01-01,12:00:00 AM,2020-01-01,11:59:00 PM
"ALKES","MAYO NO. 3 (90 MM)","BUAH",26400,,,,,,,1990-01-01,12:00:00 AM,2020-01-01,11:59:00 PM
"ALKES","MAYO NO. 4","BUAH",108500,,,,,,,1990-01-01,12:00:00 AM,2020-01-01,11:59:00 PM
"ALKES","MAYO NO. 5","BUAH",19800,,,,,,,1990-01-01,12:00:00 AM,2020-01-01,11:59:00 PM
"OBAT","MAYO TUBE 1 RUSCH","BUAH",108500,,,,,,,1990-01-01,12:00:00 AM,2020-01-01,11:59:00 PM
"ALKES","MEDISATE BLOOD GLUCOSE","BUAH",0,,,,,,,1990-01-01,12:00:00 AM,2020-01-01,11:59:00 PM
"ALKES","MEDISATE LANCET","BUAH",0,,,,,,,1990-01-01,12:00:00 AM,2020-01-01,11:59:00 PM
"OBAT","MEFINAL 250 MG KAPSUL","BUAH","621,5",,,,,,,1990-01-01,12:00:00 AM,2020-01-01,11:59:00 PM
"OBAT","MEFINAL 500 MG KAPLET","BUAH","1391,5",,,,,,,1990-01-01,12:00:00 AM,2020-01-01,11:59:00 PM
"OBAT","MEGAZING TABLET","BUAH",2750,,,,,,,1990-01-01,12:00:00 AM,2020-01-01,11:59:00 PM
"OBAT","MEIXAM 1 G INJEKSI","BUAH",29040,,,,,,,1990-01-01,12:00:00 AM,2020-01-01,11:59:00 PM
"OBAT","MEIXAM 500 MG KAPSUL","BUAH","3642,65",,,,,,,1990-01-01,12:00:00 AM,2020-01-01,11:59:00 PM
"OBAT","MELOXICAM 15 MG","BUAH",1000,,,,,,,1990-01-01,12:00:00 AM,2020-01-01,11:59:00 PM
"OBAT","MELOXICAM 7,5 MG","BUAH",700,,,,,,,1990-01-01,12:00:00 AM,2020-01-01,11:59:00 PM
"OBAT","MERCOTIN DROPS 20 ML","BUAH","87028,7",,,,,,,1990-01-01,12:00:00 AM,2020-01-01,11:59:00 PM
"OBAT","MEROPENEM 0,5","BUAH",132000,,,,,,,1990-01-01,12:00:00 AM,2020-01-01,11:59:00 PM
"OBAT","MEROPENEM 1GR INJ","BUAH",225500,,,,,,,1990-01-01,12:00:00 AM,2020-01-01,11:59:00 PM
"OBAT","MEROSAN 0,5 G INJEKSI","BUAH",281490,,,,,,,1990-01-01,12:00:00 AM,2020-01-01,11:59:00 PM
"OBAT","MERTIGO TABLET","BUAH",3520,,,,,,,1990-01-01,12:00:00 AM,2020-01-01,11:59:00 PM
"ALKES","MESON WOUND DRESING 10 X 25","BUAH",26400,,,,,,,1990-01-01,12:00:00 AM,2020-01-01,11:59:00 PM
"ALKES","MESS AESCULAP NO. 22","BUAH",3300,,,,,,,1990-01-01,12:00:00 AM,2020-01-01,11:59:00 PM
"OBAT","METHYL ERGOMETRIN INJ","BUAH",3500,,,,,,,1990-01-01,12:00:00 AM,2020-01-01,11:59:00 PM
"OBAT","METHYL PREDNISOLON 4 MG TAB","BUAH","484,61",,,,,,,1990-01-01,12:00:00 AM,2020-01-01,11:59:00 PM
"OBAT","METHYL PREDNISOLON INJ 125MG","BUAH",39100,,,,,,,1990-01-01,12:00:00 AM,2020-01-01,11:59:00 PM
"OBAT","METRONIDAZOLE 500 MG TABLET","BUAH","193,75",,,,,,,1990-01-01,12:00:00 AM,2020-01-01,11:59:00 PM
"OBAT","METRONIDAZOLE INFUS","BUAH",39820,,,,,,,1990-01-01,12:00:00 AM,2020-01-01,11:59:00 PM
"OBAT","MEYLON 8,4% INJEKSI","BUAH",13200,,,,,,,1990-01-01,12:00:00 AM,2020-01-01,11:59:00 PM
"OBAT","MEZATRIN 250 MG KAPSUL","BUAH",15147,,,,,,,1990-01-01,12:00:00 AM,2020-01-01,11:59:00 PM
"OBAT","MGSO4 20% INJEKSI","BUAH",8690,,,,,,,1990-01-01,12:00:00 AM,2020-01-01,11:59:00 PM
"OBAT","MGSO4 40% INJEKSI","BUAH",10010,,,,,,,1990-01-01,12:00:00 AM,2020-01-01,11:59:00 PM
"OBAT","MICONAZOLE 2% KRIM 10 G","BUAH",3575,,,,,,,1990-01-01,12:00:00 AM,2020-01-01,11:59:00 PM
"OBAT","MICROLAX ENEMA 5 ML","BUAH",20700,,,,,,,1990-01-01,12:00:00 AM,2020-01-01,11:59:00 PM
"OBAT","MIKASIN 250 MG INJEKSI","BUAH",104500,,,,,,,1990-01-01,12:00:00 AM,2020-01-01,11:59:00 PM
"ALKES","MIKROMIZE DEWASA","BUAH",14520,,,,,,,1990-01-01,12:00:00 AM,2020-01-01,11:59:00 PM
"ALKES","MIKROMIZE PEDIATRIK","BUAH",14520,,,,,,,1990-01-01,12:00:00 AM,2020-01-01,11:59:00 PM
"OBAT","MILOZ 5 MG INJEKSI","BUAH",22000,,,,,,,1990-01-01,12:00:00 AM,2020-01-01,11:59:00 PM
"OBAT","MINYAK KAYU PUTIH LANG 60ML","BUAH",18150,,,,,,,1990-01-01,12:00:00 AM,2020-01-01,11:59:00 PM
"OBAT","MINYAK TELON LANG 60ML","BUAH",14025,,,,,,,1990-01-01,12:00:00 AM,2020-01-01,11:59:00 PM
"OBAT","MONELL DROP","BUAH",46750,,,,,,,1990-01-01,12:00:00 AM,2020-01-01,11:59:00 PM
"ALKES","MONOPLUS 0 HR 48 VIOLET 150CM","BUAH",0,,,,,,,1990-01-01,12:00:00 AM,2020-01-01,11:59:00 PM
"OBAT","MONOSCRUB 5 LITER","BUAH",815000,,,,,,,1990-01-01,12:00:00 AM,2020-01-01,11:59:00 PM
"ALKES","MONOSYN 1 HR 48 VIOLET 90 CM","BUAH",0,,,,,,,1990-01-01,12:00:00 AM,2020-01-01,11:59:00 PM
"OBAT","MORFIN INJEKSI","BUAH","15477,25",,,,,,,1990-01-01,12:00:00 AM,2020-01-01,11:59:00 PM
"OBAT","MORINAGA BMT P-HP 400 G","BUAH",154200,,,,,,,1990-01-01,12:00:00 AM,2020-01-01,11:59:00 PM
"OBAT","MORINAGA BMT PLATINUM 400 G","BUAH","130000,2",,,,,,,1990-01-01,12:00:00 AM,2020-01-01,11:59:00 PM
"OBAT","MORINAGA BMT REGULER 200 GRAM","BUAH",41195,,,,,,,1990-01-01,12:00:00 AM,2020-01-01,11:59:00 PM
"OBAT","MORINAGA BMT REGULER 400 G","BUAH",0,,,,,,,1990-01-01,12:00:00 AM,2020-01-01,11:59:00 PM
"OBAT","MORINAGA BMT SOYA 300G","BUAH",85470,,,,,,,1990-01-01,12:00:00 AM,2020-01-01,11:59:00 PM
"OBAT","MORINAGA CHIL KID P-HP 400 G","BUAH",0,,,,,,,1990-01-01,12:00:00 AM,2020-01-01,11:59:00 PM
"OBAT","MORINAGA CHIL MIL P-HP 400 G","BUAH",0,,,,,,,1990-01-01,12:00:00 AM,2020-01-01,11:59:00 PM
"OBAT","MORINAGA CHIL MIL SOYA 300 G","BUAH",90300,,,,,,,1990-01-01,12:00:00 AM,2020-01-01,11:59:00 PM
"OBAT","MORINAGA CHILKID SOYA","BUAH",0,,,,,,,1990-01-01,12:00:00 AM,2020-01-01,11:59:00 PM
"OBAT","MORINAGA NL 33 350 G","BUAH","84019,1",,,,,,,1990-01-01,12:00:00 AM,2020-01-01,11:59:00 PM
"OBAT","MORINAGA P-HP 800 G","BUAH",0,,,,,,,1990-01-01,12:00:00 AM,2020-01-01,11:59:00 PM
"OBAT","MUCERA SYRUP","BUAH",22000,,,,,,,1990-01-01,12:00:00 AM,2020-01-01,11:59:00 PM
"OBAT","MUCERA TAB","BUAH",1100,,,,,,,1990-01-01,12:00:00 AM,2020-01-01,11:59:00 PM
"OBAT","MUCOHEXIN TABLET","BUAH",495,,,,,,,1990-01-01,12:00:00 AM,2020-01-01,11:59:00 PM
"OBAT","MUCOPECT 30 MG TABLET","BUAH",3700,,,,,,,1990-01-01,12:00:00 AM,2020-01-01,11:59:00 PM
"OBAT","MUCOPECT DROP 20 ML","BUAH",64460,,,,,,,1990-01-01,12:00:00 AM,2020-01-01,11:59:00 PM
"OBAT","MUCOPECT SYRUP PEDIATRIC 60 ML","BUAH",51590,,,,,,,1990-01-01,12:00:00 AM,2020-01-01,11:59:00 PM
"OBAT","MUCOSTA TABLET","BUAH",0,,,,,,,1990-01-01,12:00:00 AM,2020-01-01,11:59:00 PM
"ALKES","MUKUS EXTRACTOR  ONEMED","BUAH",7744,,,,,,,1990-01-01,12:00:00 AM,2020-01-01,11:59:00 PM
"ALKES","MUKUS EXTRACTOR JMS","BUAH",37400,,,,,,,1990-01-01,12:00:00 AM,2020-01-01,11:59:00 PM
"ALKES","MUKUS GENERAL CARE","BUAH",0,,,,,,,1990-01-01,12:00:00 AM,2020-01-01,11:59:00 PM
"ALKES","MUKUS LOTUS","BUAH",8000,,,,,,,1990-01-01,12:00:00 AM,2020-01-01,11:59:00 PM
"ALKES","MUKUS SERENITY","BUAH",0,,,,,,,1990-01-01,12:00:00 AM,2020-01-01,11:59:00 PM
"OBAT","MYCO-Z OINTMENT 10 G","BUAH",74250,,,,,,,1990-01-01,12:00:00 AM,2020-01-01,11:59:00 PM
"OBAT","MYLANTA LIQUID 150 ML","BUAH",33594,,,,,,,1990-01-01,12:00:00 AM,2020-01-01,11:59:00 PM
"OBAT","MYLANTA LIQUID 50 ML","BUAH",11275,,,,,,,1990-01-01,12:00:00 AM,2020-01-01,11:59:00 PM
"OBAT","MYLANTA TABLET","BUAH","556,6",,,,,,,1990-01-01,12:00:00 AM,2020-01-01,11:59:00 PM
"ALKES","NASAL CANNULA ADULT","BUAH",4840,,,,,,,1990-01-01,12:00:00 AM,2020-01-01,11:59:00 PM
"ALKES","NASAL CANNULA NEONATUS","BUAH",4840,,,,,,,1990-01-01,12:00:00 AM,2020-01-01,11:59:00 PM
"ALKES","NASAL CANNULA PAEDIATRIK","BUAH",4840,,,,,,,1990-01-01,12:00:00 AM,2020-01-01,11:59:00 PM
"OBAT","NATRIUM DIKLOFENAK 50 MG","BUAH","352,64",,,,,,,1990-01-01,12:00:00 AM,2020-01-01,11:59:00 PM
"OBAT","NECIBLOK SUSPENSI 100 ML","BUAH",52250,,,,,,,1990-01-01,12:00:00 AM,2020-01-01,11:59:00 PM
"ALKES","NEO GYNOXA OVULA","BUAH",15180,,,,,,,1990-01-01,12:00:00 AM,2020-01-01,11:59:00 PM
"OBAT","NEO KAOLANA SYRUP 120 ML","BUAH",12980,,,,,,,1990-01-01,12:00:00 AM,2020-01-01,11:59:00 PM
"OBAT","NEOCATE LCP MULTIPACK 2 X 400 GR","BUAH","367350,5",,,,,,,1990-01-01,12:00:00 AM,2020-01-01,11:59:00 PM
"ALKES","NEOFLON BD 24","BUAH",34155,,,,,,,1990-01-01,12:00:00 AM,2020-01-01,11:59:00 PM
"OBAT","N-EPI 1 MG INJ","BUAH",99000,,,,,,,1990-01-01,12:00:00 AM,2020-01-01,11:59:00 PM
"OBAT","NEURALGIN RX TABLET","BUAH",715,,,,,,,1990-01-01,12:00:00 AM,2020-01-01,11:59:00 PM
"OBAT","NEUROBION INJEKSI","BUAH",9900,,,,,,,1990-01-01,12:00:00 AM,2020-01-01,11:59:00 PM
"OBAT","NEURODEX TAB","BUAH",605,,,,,,,1990-01-01,12:00:00 AM,2020-01-01,11:59:00 PM
"OBAT","NEUROSANBE INJEKSI","BUAH",5324,,,,,,,1990-01-01,12:00:00 AM,2020-01-01,11:59:00 PM
"OBAT","NEUROSANBE PLUS TABLET","BUAH",1100,,,,,,,1990-01-01,12:00:00 AM,2020-01-01,11:59:00 PM
"OBAT","NEUROSANBE TABLET","BUAH","1160,5",,,,,,,1990-01-01,12:00:00 AM,2020-01-01,11:59:00 PM
"OBAT","NEW DIATABS TABLET","BUAH","557,15",,,,,,,1990-01-01,12:00:00 AM,2020-01-01,11:59:00 PM
"OBAT","NICARDIPINE INJEKSI","BUAH",143000,,,,,,,1990-01-01,12:00:00 AM,2020-01-01,11:59:00 PM
"OBAT","NIFEDIPIN 10 MG TABLET","BUAH",175,,,,,,,1990-01-01,12:00:00 AM,2020-01-01,11:59:00 PM
"ALKES","NIFUDIAR SYRUP","BUAH",0,,,,,,,1990-01-01,12:00:00 AM,2020-01-01,11:59:00 PM
"OBAT","NIPE DROP 15 ML","BUAH",63360,,,,,,,1990-01-01,12:00:00 AM,2020-01-01,11:59:00 PM
"OBAT","NOKOBA INJ","BUAH",104100,,,,,,,1990-01-01,12:00:00 AM,2020-01-01,11:59:00 PM
"OBAT","NONEMI TABLET","BUAH",1650,,,,,,,1990-01-01,12:00:00 AM,2020-01-01,11:59:00 PM
"OBAT","NORELUT 5 MG TABLET","BUAH",4400,,,,,,,1990-01-01,12:00:00 AM,2020-01-01,11:59:00 PM
"OBAT","NORESTIL TAB 5 MG","BUAH",4400,,,,,,,1990-01-01,12:00:00 AM,2020-01-01,11:59:00 PM
"OBAT","NOTRIXUM INJEKSI","BUAH",49500,,,,,,,1990-01-01,12:00:00 AM,2020-01-01,11:59:00 PM
"ALKES","NOVA T","BUAH",302800,,,,,,,1990-01-01,12:00:00 AM,2020-01-01,11:59:00 PM
"OBAT","NOVALGIN INJEKSI","BUAH","12049,18",,,,,,,1990-01-01,12:00:00 AM,2020-01-01,11:59:00 PM
"OBAT","NOVALGIN KAPLET 500 MG","BUAH","1386,94",,,,,,,1990-01-01,12:00:00 AM,2020-01-01,11:59:00 PM
"OBAT","NS 0,9% OTSUKA 500 CC","BUAH",15290,,,,,,,1990-01-01,12:00:00 AM,2020-01-01,11:59:00 PM
"OBAT","NS 25 ML OTSUKA","BUAH",6380,,,,,,,1990-01-01,12:00:00 AM,2020-01-01,11:59:00 PM
"ALKES","NS B BRAUN 500 ML","BUAH",6325,,,,,,,1990-01-01,12:00:00 AM,2020-01-01,11:59:00 PM
"OBAT","NS PYGGYBACK OTSUKA 100 CC","BUAH",16600,,,,,,,1990-01-01,12:00:00 AM,2020-01-01,11:59:00 PM
"OBAT","NULACTA FOR MOTHER","BUAH",4840,,,,,,,1990-01-01,12:00:00 AM,2020-01-01,11:59:00 PM
"OBAT","NULAGYL INFUS 100ML","BUAH",76450,,,,,,,1990-01-01,12:00:00 AM,2020-01-01,11:59:00 PM
"OBAT","NUPOVEL INJ","BUAH",93500,,,,,,,1990-01-01,12:00:00 AM,2020-01-01,11:59:00 PM
"OBAT","NURSOY GOLD S 26","BUAH",0,,,,,,,1990-01-01,12:00:00 AM,2020-01-01,11:59:00 PM
"OBAT","NUTRIBABY PEPTI JUNIOR","BUAH","39831,97",,,,,,,1990-01-01,12:00:00 AM,2020-01-01,11:59:00 PM
"OBAT","NUTRIBABY PREMATURE","BUAH","96153,99",,,,,,,1990-01-01,12:00:00 AM,2020-01-01,11:59:00 PM
"OBAT","NUTRIBABY ROYAL  ALLERPRE 1 400 G","BUAH",127650,,,,,,,1990-01-01,12:00:00 AM,2020-01-01,11:59:00 PM
"OBAT","NUTRIBABY ROYAL ALLERPRE 2 400 G","BUAH",127650,,,,,,,1990-01-01,12:00:00 AM,2020-01-01,11:59:00 PM
"OBAT","NUTRIBABY ROYAL PDF 400GR","BUAH",96154,,,,,,,1990-01-01,12:00:00 AM,2020-01-01,11:59:00 PM
"OBAT","NUTRIBABY SOYA 1","BUAH",98900,,,,,,,1990-01-01,12:00:00 AM,2020-01-01,11:59:00 PM
"OBAT","NUTRIBABY SOYA 2","BUAH",0,,,,,,,1990-01-01,12:00:00 AM,2020-01-01,11:59:00 PM
"OBAT","NUTRILON SOYA 3","BUAH",95038,,,,,,,1990-01-01,12:00:00 AM,2020-01-01,11:59:00 PM
"OBAT","NUTRILON SOYA 4","BUAH",92158,,,,,,,1990-01-01,12:00:00 AM,2020-01-01,11:59:00 PM
"OBAT","NUTRIMAMA 1 (BOTOL)","BUAH","8539,67",,,,,,,1990-01-01,12:00:00 AM,2020-01-01,11:59:00 PM
"OBAT","NUTRIMAMA 2 (BOTOL)","BUAH","8539,67",,,,,,,1990-01-01,12:00:00 AM,2020-01-01,11:59:00 PM
"OBAT","NUTRIMAMA 3 (BOTOL)","BUAH","8539,67",,,,,,,1990-01-01,12:00:00 AM,2020-01-01,11:59:00 PM
"OBAT","NUTRINIDRIK 200 ML VANILA/STRAWBERY","BUAH","22915,2",,,,,,,1990-01-01,12:00:00 AM,2020-01-01,11:59:00 PM
"OBAT","NUTRINIDRIK 400 GR VAN","BUAH",156100,,,,,,,1990-01-01,12:00:00 AM,2020-01-01,11:59:00 PM
"OBAT","NUZYM TABLET","BUAH",7150,,,,,,,1990-01-01,12:00:00 AM,2020-01-01,11:59:00 PM
"OBAT","NYMIKO SUSPENSI DROP","BUAH",34430,,,,,,,1990-01-01,12:00:00 AM,2020-01-01,11:59:00 PM
"OBAT","NYSTATIN 500.000 IU TABLET","BUAH","1071,69",,,,,,,1990-01-01,12:00:00 AM,2020-01-01,11:59:00 PM
"OBAT","OBH COMBI 60ML","BUAH",0,,,,,,,1990-01-01,12:00:00 AM,2020-01-01,11:59:00 PM
"OBAT","OBH SYRUP","BUAH","5599,99",,,,,,,1990-01-01,12:00:00 AM,2020-01-01,11:59:00 PM
"OBAT","OBP SYRUP","BUAH",5500,,,,,,,1990-01-01,12:00:00 AM,2020-01-01,11:59:00 PM
"OBAT","OCUSON TABLET","BUAH",1353,,,,,,,1990-01-01,12:00:00 AM,2020-01-01,11:59:00 PM
"OBAT","OMEPRAZOLE 20 MG KAPSUL","BUAH","408,33",,,,,,,1990-01-01,12:00:00 AM,2020-01-01,11:59:00 PM
"OBAT","OMEPRAZOLE INJ","BUAH",93500,,,,,,,1990-01-01,12:00:00 AM,2020-01-01,11:59:00 PM
"OBAT","OMZ INJ 40 MG","BUAH",130900,,,,,,,1990-01-01,12:00:00 AM,2020-01-01,11:59:00 PM
"OBAT","ONDANSENTRON INJEKSI","BUAH",5500,,,,,,,1990-01-01,12:00:00 AM,2020-01-01,11:59:00 PM
"ALKES","ONDANSENTRON TABLET 4MG","BUAH",1540,,,,,,,1990-01-01,12:00:00 AM,2020-01-01,11:59:00 PM
"ALKES","OPICEF DS 60ML","BUAH",46200,,,,,,,1990-01-01,12:00:00 AM,2020-01-01,11:59:00 PM
"OBAT","OPIGRAN INJ","BUAH",56100,,,,,,,1990-01-01,12:00:00 AM,2020-01-01,11:59:00 PM
"OBAT","OPILAX SYRUP 60 ML","BUAH",51700,,,,,,,1990-01-01,12:00:00 AM,2020-01-01,11:59:00 PM
"ALKES","OPSITE POST-OP 25X10 CM","BUAH",41800,,,,,,,1990-01-01,12:00:00 AM,2020-01-01,11:59:00 PM
"OBAT","ORALIT SACHET","BUAH",0,,,,,,,1990-01-01,12:00:00 AM,2020-01-01,11:59:00 PM
"ALKES","OREZINC SYR","BUAH","35433,2",,,,,,,1990-01-01,12:00:00 AM,2020-01-01,11:59:00 PM
"OBAT","OSFIT DHA KAPSUL","BUAH",4400,,,,,,,1990-01-01,12:00:00 AM,2020-01-01,11:59:00 PM
"OBAT","OTOPAIN EAR DROPS 8 ML","BUAH",61600,,,,,,,1990-01-01,12:00:00 AM,2020-01-01,11:59:00 PM
"OBAT","OTTOPAN SYR","BUAH",16500,,,,,,,1990-01-01,12:00:00 AM,2020-01-01,11:59:00 PM
"OBAT","OXOFERIN SOL 30 ML","BUAH",71500,,,,,,,1990-01-01,12:00:00 AM,2020-01-01,11:59:00 PM
"OBAT","OXYTOCIN INJ","BUAH",2750,,,,,,,1990-01-01,12:00:00 AM,2020-01-01,11:59:00 PM
"OBAT","PANVELL  40 MG TAB","BUAH",0,,,,,,,1990-01-01,12:00:00 AM,2020-01-01,11:59:00 PM
"OBAT","PARASETAMOL 500 MG TABLET (STRIP)","BUAH",144,,,,,,,1990-01-01,12:00:00 AM,2020-01-01,11:59:00 PM
"OBAT","PARASETAMOL INFUS","BUAH",67100,,,,,,,1990-01-01,12:00:00 AM,2020-01-01,11:59:00 PM
"OBAT","PARASETAMOL SYRUP","BUAH",3500,,,,,,,1990-01-01,12:00:00 AM,2020-01-01,11:59:00 PM
"OBAT","PEHACAIN INJEKSI","BUAH","3113,05",,,,,,,1990-01-01,12:00:00 AM,2020-01-01,11:59:00 PM
"OBAT","PETHIDIN INJEKSI","BUAH",17000,,,,,,,1990-01-01,12:00:00 AM,2020-01-01,11:59:00 PM
"OBAT","PHAROLIT SITRAS SACHET","BUAH","1255,83",,,,,,,1990-01-01,12:00:00 AM,2020-01-01,11:59:00 PM
"ALKES","PHENITOIN KAPSUL","BUAH",605,,,,,,,1990-01-01,12:00:00 AM,2020-01-01,11:59:00 PM
"OBAT","PIBAKSIN SLP","BUAH",42900,,,,,,,1990-01-01,12:00:00 AM,2020-01-01,11:59:00 PM
"OBAT","PIPET 1 ML","BUAH",0,,,,,,,1990-01-01,12:00:00 AM,2020-01-01,11:59:00 PM
"OBAT","PIPET PENDEK","BUAH",0,,,,,,,1990-01-01,12:00:00 AM,2020-01-01,11:59:00 PM
"OBAT","PIROXICAM 20 MG KAPSUL","BUAH",175,,,,,,,1990-01-01,12:00:00 AM,2020-01-01,11:59:00 PM
"ALKES","PLAIN 1 75 CM (SACHET)","BUAH",132646,,,,,,,1990-01-01,12:00:00 AM,2020-01-01,11:59:00 PM
"ALKES","PLAIN 1 ROL","BUAH","1250000,4",,,,,,,1990-01-01,12:00:00 AM,2020-01-01,11:59:00 PM
"ALKES","PLAIN 2/0 ROL","BUAH","1366700,5",,,,,,,1990-01-01,12:00:00 AM,2020-01-01,11:59:00 PM
"OBAT","PLASMINEX 500 INJEKSI","BUAH",13002,,,,,,,1990-01-01,12:00:00 AM,2020-01-01,11:59:00 PM
"OBAT","PLASMINEX 500 MG KAPLET","BUAH",0,,,,,,,1990-01-01,12:00:00 AM,2020-01-01,11:59:00 PM
"OBAT","POT R 10","BUAH",700,,,,,,,1990-01-01,12:00:00 AM,2020-01-01,11:59:00 PM
"OBAT","POT R 15","BUAH",700,,,,,,,1990-01-01,12:00:00 AM,2020-01-01,11:59:00 PM
"OBAT","POT R 20","BUAH",900,,,,,,,1990-01-01,12:00:00 AM,2020-01-01,11:59:00 PM
"OBAT","POT R 25","BUAH",0,,,,,,,1990-01-01,12:00:00 AM,2020-01-01,11:59:00 PM
"OBAT","POT R 50","BUAH",0,,,,,,,1990-01-01,12:00:00 AM,2020-01-01,11:59:00 PM
"ALKES","POUCHES FLAT, 15 CM/S00M","BUAH",0,,,,,,,1990-01-01,12:00:00 AM,2020-01-01,11:59:00 PM
"OBAT","POVIDON 1 L","BUAH",87500,,,,,,,1990-01-01,12:00:00 AM,2020-01-01,11:59:00 PM
"OBAT","PPC MEIJI INJEKSI","BUAH",17600,,,,,,,1990-01-01,12:00:00 AM,2020-01-01,11:59:00 PM
"ALKES","PRECISION SOLUTION SET TERUMO (TSM)","BUAH",97900,,,,,,,1990-01-01,12:00:00 AM,2020-01-01,11:59:00 PM
"OBAT","PRECISION SOLUTION SET TERUMO (TSM) BPJS","BUAH",0,,,,,,,1990-01-01,12:00:00 AM,2020-01-01,11:59:00 PM
"OBAT","PREDNISON TABLET","BUAH",97,,,,,,,1990-01-01,12:00:00 AM,2020-01-01,11:59:00 PM
"OBAT","PREGNOLIN 5 MG TABLET","BUAH",3960,,,,,,,1990-01-01,12:00:00 AM,2020-01-01,11:59:00 PM
"OBAT","PRIMOLUT - N 5 MG TABLET","BUAH","5319,93",,,,,,,1990-01-01,12:00:00 AM,2020-01-01,11:59:00 PM
"OBAT","PRIMPERAN INJEKSI","BUAH","11366,67",,,,,,,1990-01-01,12:00:00 AM,2020-01-01,11:59:00 PM
"OBAT","PRO TB 2","BUAH","7246,25",,,,,,,1990-01-01,12:00:00 AM,2020-01-01,11:59:00 PM
"OBAT","PRO TB 3","BUAH",4675,,,,,,,1990-01-01,12:00:00 AM,2020-01-01,11:59:00 PM
"OBAT","PRO TB 4","BUAH","5426,65",,,,,,,1990-01-01,12:00:00 AM,2020-01-01,11:59:00 PM
"ALKES","PROANES INJEKSI","BUAH",80410,,,,,,,1990-01-01,12:00:00 AM,2020-01-01,11:59:00 PM
"OBAT","PROBABY","BUAH",6809,,,,,,,1990-01-01,12:00:00 AM,2020-01-01,11:59:00 PM
"ALKES","PROBIOKID SACHET","BUAH",13354,,,,,,,1990-01-01,12:00:00 AM,2020-01-01,11:59:00 PM
"OBAT","PROBIOSTIM","BUAH","9982,5",,,,,,,1990-01-01,12:00:00 AM,2020-01-01,11:59:00 PM
"OBAT","PROFENID 100 MG SUPPOSITORIA","BUAH","14878,5",,,,,,,1990-01-01,12:00:00 AM,2020-01-01,11:59:00 PM
"OBAT","PROHEM INJEKSI","BUAH",11000,,,,,,,1990-01-01,12:00:00 AM,2020-01-01,11:59:00 PM
"OBAT","PROLACTA FOR BABY","BUAH",0,,,,,,,1990-01-01,12:00:00 AM,2020-01-01,11:59:00 PM
"OBAT","PROLACTA FOR MOTHER KAPSUL","BUAH",0,,,,,,,1990-01-01,12:00:00 AM,2020-01-01,11:59:00 PM
"OBAT","PROLIC 300 MG KAPSUL","BUAH","7518,5",,,,,,,1990-01-01,12:00:00 AM,2020-01-01,11:59:00 PM
"OBAT","PROMAVIT","BUAH",3300,,,,,,,1990-01-01,12:00:00 AM,2020-01-01,11:59:00 PM
"OBAT","PRORIS 200 MG KAPLET","BUAH",737,,,,,,,1990-01-01,12:00:00 AM,2020-01-01,11:59:00 PM
"OBAT","PRORIS FORTE SYRUP","BUAH",27280,,,,,,,1990-01-01,12:00:00 AM,2020-01-01,11:59:00 PM
"OBAT","PRORIS SUPP","BUAH",5675,,,,,,,1990-01-01,12:00:00 AM,2020-01-01,11:59:00 PM
"OBAT","PRORIS SUSPENSI 60 ML","BUAH",23760,,,,,,,1990-01-01,12:00:00 AM,2020-01-01,11:59:00 PM
"ALKES","PROSTIGMIN INJEKSI","BUAH",53100,,,,,,,1990-01-01,12:00:00 AM,2020-01-01,11:59:00 PM
"OBAT","PROVULA TABLET","BUAH",14300,,,,,,,1990-01-01,12:00:00 AM,2020-01-01,11:59:00 PM
"OBAT","PULMICORT 0,25 MG RESPULES (PEDIATRIK)","BUAH","18739,38",,,,,,,1990-01-01,12:00:00 AM,2020-01-01,11:59:00 PM
"OBAT","PUMPISEL INJEKSI","BUAH",154880,,,,,,,1990-01-01,12:00:00 AM,2020-01-01,11:59:00 PM
"ALKES","PUMPITOR INJEKSI","BUAH",156970,,,,,,,1990-01-01,12:00:00 AM,2020-01-01,11:59:00 PM
"OBAT","PUMPITOR KAPSUL 10 MG","BUAH",0,,,,,,,1990-01-01,12:00:00 AM,2020-01-01,11:59:00 PM
"OBAT","RANITIDIN INJEKSI","BUAH",3084,,,,,,,1990-01-01,12:00:00 AM,2020-01-01,11:59:00 PM
"OBAT","RANITIDIN TABLET 150 MG","BUAH",160,,,,,,,1990-01-01,12:00:00 AM,2020-01-01,11:59:00 PM
"OBAT","RANIVELL SYRUP","BUAH",60500,,,,,,,1990-01-01,12:00:00 AM,2020-01-01,11:59:00 PM
"OBAT","RANTIN INJEKSI","BUAH",20900,,,,,,,1990-01-01,12:00:00 AM,2020-01-01,11:59:00 PM
"OBAT","REBAMIPIDE 100MG","BUAH",0,,,,,,,1990-01-01,12:00:00 AM,2020-01-01,11:59:00 PM
"OBAT","RECO EYE DROP","BUAH","9000,2",,,,,,,1990-01-01,12:00:00 AM,2020-01-01,11:59:00 PM
"ALKES","RECTAL TUBE 26","BUAH",0,,,,,,,1990-01-01,12:00:00 AM,2020-01-01,11:59:00 PM
"ALKES","RECTAL TUBE NO 20","BUAH",11000,,,,,,,1990-01-01,12:00:00 AM,2020-01-01,11:59:00 PM
"ALKES","RECTAL TUBE NO 28","BUAH",11000,,,,,,,1990-01-01,12:00:00 AM,2020-01-01,11:59:00 PM
"ALKES","RECTAL TUBE NO24","BUAH",2500,,,,,,,1990-01-01,12:00:00 AM,2020-01-01,11:59:00 PM
"OBAT","REGIVEL INJEKSI","BUAH",77000,,,,,,,1990-01-01,12:00:00 AM,2020-01-01,11:59:00 PM
"OBAT","REPIMIDE TABLET","BUAH",2200,,,,,,,1990-01-01,12:00:00 AM,2020-01-01,11:59:00 PM
"OBAT","RETAPHYL SR TABLET","BUAH",0,,,,,,,1990-01-01,12:00:00 AM,2020-01-01,11:59:00 PM
"OBAT","RHINOFED SUSPENSI 60 ML","BUAH",27500,,,,,,,1990-01-01,12:00:00 AM,2020-01-01,11:59:00 PM
"OBAT","RHINOFED TABLET","BUAH",1694,,,,,,,1990-01-01,12:00:00 AM,2020-01-01,11:59:00 PM
"OBAT","RHINOS JUNIOR SYRUP","BUAH",33000,,,,,,,1990-01-01,12:00:00 AM,2020-01-01,11:59:00 PM
"OBAT","RHINOS NEO DROP","BUAH",47300,,,,,,,1990-01-01,12:00:00 AM,2020-01-01,11:59:00 PM
"ALKES","RL B BRAUN","BUAH",6930,,,,,,,1990-01-01,12:00:00 AM,2020-01-01,11:59:00 PM
"OBAT","RL OTSUKA 500 CC","BUAH",7150,,,,,,,1990-01-01,12:00:00 AM,2020-01-01,11:59:00 PM
"OBAT","RLD5 OTSUKA 500 CC","BUAH",17710,,,,,,,1990-01-01,12:00:00 AM,2020-01-01,11:59:00 PM
"OBAT","ROVADIN SYRUP 100 ml","BUAH",50600,,,,,,,1990-01-01,12:00:00 AM,2020-01-01,11:59:00 PM
"OBAT","RYCEF 1 GR INJEKSI","BUAH",183700,,,,,,,1990-01-01,12:00:00 AM,2020-01-01,11:59:00 PM
"OBAT","RYVEL DROP 10MG","BUAH",55000,,,,,,,1990-01-01,12:00:00 AM,2020-01-01,11:59:00 PM
"ALKES","RYVEL SYR","BUAH",55000,,,,,,,1990-01-01,12:00:00 AM,2020-01-01,11:59:00 PM
"OBAT","S26 GOLD 400 GR","BUAH","139706,6",,,,,,,1990-01-01,12:00:00 AM,2020-01-01,11:59:00 PM
"ALKES","S26 GOLD LBW 100 ML","BUAH","51561,4",,,,,,,1990-01-01,12:00:00 AM,2020-01-01,11:59:00 PM
"OBAT","S26 PROMIL 1 POUCH 400 GR","BUAH","100842,5",,,,,,,1990-01-01,12:00:00 AM,2020-01-01,11:59:00 PM
"ALKES","SAFELET CATHETER 24 X 3/4","BUAH",15840,,,,,,,1990-01-01,12:00:00 AM,2020-01-01,11:59:00 PM
"ALKES","SAFELET CATHETER 24GX1","BUAH",15840,,,,,,,1990-01-01,12:00:00 AM,2020-01-01,11:59:00 PM
"ALKES","SAFIL 3/0 DS 24 70CM VIOLET","BUAH","7281,8",,,,,,,1990-01-01,12:00:00 AM,2020-01-01,11:59:00 PM
"ALKES","SAFIL 5/0 HR 17","BUAH",122430,,,,,,,1990-01-01,12:00:00 AM,2020-01-01,11:59:00 PM
"ALKES","SAFIL QUICK 3/0 DS 24 70 CM","BUAH",0,,,,,,,1990-01-01,12:00:00 AM,2020-01-01,11:59:00 PM
"OBAT","SAGESTAM INJEKSI","BUAH",10186,,,,,,,1990-01-01,12:00:00 AM,2020-01-01,11:59:00 PM
"OBAT","SAGESTAM KRIM 10 G","BUAH",12870,,,,,,,1990-01-01,12:00:00 AM,2020-01-01,11:59:00 PM
"OBAT","SAGESTAM T.M. 5 ML","BUAH",30140,,,,,,,1990-01-01,12:00:00 AM,2020-01-01,11:59:00 PM
"OBAT","SALBRON 4 MG TABLET","BUAH",400,,,,,,,1990-01-01,12:00:00 AM,2020-01-01,11:59:00 PM
"OBAT","SALBUTAMOL 2 MG TABLET","BUAH",128,,,,,,,1990-01-01,12:00:00 AM,2020-01-01,11:59:00 PM
"OBAT","SALBUTAMOL 4 MG TABLET","BUAH",140,,,,,,,1990-01-01,12:00:00 AM,2020-01-01,11:59:00 PM
"OBAT","SALBUVEN 4 MG TABLET","BUAH",1705,,,,,,,1990-01-01,12:00:00 AM,2020-01-01,11:59:00 PM
"OBAT","SALIN 3% OTSUKA 500 ML","BUAH",24200,,,,,,,1990-01-01,12:00:00 AM,2020-01-01,11:59:00 PM
"OBAT","SAN - B - PLEX DROP 15 ML","BUAH",18040,,,,,,,1990-01-01,12:00:00 AM,2020-01-01,11:59:00 PM
"OBAT","SANBE KIDS SYRUP","BUAH",37070,,,,,,,1990-01-01,12:00:00 AM,2020-01-01,11:59:00 PM
"OBAT","SANBEHAES 130 INFUS","BUAH",203940,,,,,,,1990-01-01,12:00:00 AM,2020-01-01,11:59:00 PM
"OBAT","SANBEHAES 200 INFUS","BUAH",200970,,,,,,,1990-01-01,12:00:00 AM,2020-01-01,11:59:00 PM
"OBAT","SANBENAFIL 100 MG","BUAH",94050,,,,,,,1990-01-01,12:00:00 AM,2020-01-01,11:59:00 PM
"OBAT","SANBENAFIL 50 MG","BUAH",68200,,,,,,,1990-01-01,12:00:00 AM,2020-01-01,11:59:00 PM
"OBAT","SANGOBION BABY DROP","BUAH",31856,,,,,,,1990-01-01,12:00:00 AM,2020-01-01,11:59:00 PM
"OBAT","SANGOBION KAPSUL","BUAH",0,,,,,,,1990-01-01,12:00:00 AM,2020-01-01,11:59:00 PM
"OBAT","SANGOBION KIDS SYRUP","BUAH","25400,1",,,,,,,1990-01-01,12:00:00 AM,2020-01-01,11:59:00 PM
"OBAT","SANMAG SYRUP","BUAH",26180,,,,,,,1990-01-01,12:00:00 AM,2020-01-01,11:59:00 PM
"OBAT","SANMAG TABLET","BUAH",902,,,,,,,1990-01-01,12:00:00 AM,2020-01-01,11:59:00 PM
"OBAT","SANMOL 500 MG TAB","BUAH",297,,,,,,,1990-01-01,12:00:00 AM,2020-01-01,11:59:00 PM
"OBAT","SANMOL DROP 15 ML","BUAH",16390,,,,,,,1990-01-01,12:00:00 AM,2020-01-01,11:59:00 PM
"OBAT","SANMOL INFUS","BUAH",63910,,,,,,,1990-01-01,12:00:00 AM,2020-01-01,11:59:00 PM
"OBAT","SANMOL SYRUP 60 ML","BUAH",12210,,,,,,,1990-01-01,12:00:00 AM,2020-01-01,11:59:00 PM
"OBAT","SANPICILLIN 1 G INJEKSI","BUAH",16764,,,,,,,1990-01-01,12:00:00 AM,2020-01-01,11:59:00 PM
"OBAT","SANPRIMA SYRUP 60 ML","BUAH",26620,,,,,,,1990-01-01,12:00:00 AM,2020-01-01,11:59:00 PM
"OBAT","SANPRIMA TABLET","BUAH","929,5",,,,,,,1990-01-01,12:00:00 AM,2020-01-01,11:59:00 PM
"OBAT","SANTA - E TABLET","BUAH","929,5",,,,,,,1990-01-01,12:00:00 AM,2020-01-01,11:59:00 PM
"OBAT","SANTAGESIK INJ","BUAH",9724,,,,,,,1990-01-01,12:00:00 AM,2020-01-01,11:59:00 PM
"OBAT","SANVITA - B SYRUP 120 ML","BUAH",12870,,,,,,,1990-01-01,12:00:00 AM,2020-01-01,11:59:00 PM
"OBAT","SCABIMITE CREAM 10G","BUAH",42350,,,,,,,1990-01-01,12:00:00 AM,2020-01-01,11:59:00 PM
"ALKES","SCALP VEIN NEEDLE ONEMED","BUAH",1540,,,,,,,1990-01-01,12:00:00 AM,2020-01-01,11:59:00 PM
"OBAT","SELVIGON SYRUP 100 ML","BUAH",104060,,,,,,,1990-01-01,12:00:00 AM,2020-01-01,11:59:00 PM
"OBAT","SERUM ANTI BISA ULAR","BUAH",704600,,,,,,,1990-01-01,12:00:00 AM,2020-01-01,11:59:00 PM
"OBAT","SETROVEL INJEKSI","BUAH",66000,,,,,,,1990-01-01,12:00:00 AM,2020-01-01,11:59:00 PM
"OBAT","SIBITAL INJEKSI","BUAH",9900,,,,,,,1990-01-01,12:00:00 AM,2020-01-01,11:59:00 PM
"ALKES","SILK 3/0  + JARUM ONEMED","BUAH","3360,5",,,,,,,1990-01-01,12:00:00 AM,2020-01-01,11:59:00 PM
"ALKES","SILK 3/0 BRAIDED","BUAH",5000,,,,,,,1990-01-01,12:00:00 AM,2020-01-01,11:59:00 PM
"ALKES","SILK BRAIDED 3/0 ONEMED","BUAH",0,,,,,,,1990-01-01,12:00:00 AM,2020-01-01,11:59:00 PM
"OBAT","SIMVASTATIN 10 MG TABLET","BUAH",450,,,,,,,1990-01-01,12:00:00 AM,2020-01-01,11:59:00 PM
"OBAT","SIMVASTATIN 20MG","BUAH",1100,,,,,,,1990-01-01,12:00:00 AM,2020-01-01,11:59:00 PM
"OBAT","SINCRONIK KAPSUL","BUAH",7700,,,,,,,1990-01-01,12:00:00 AM,2020-01-01,11:59:00 PM
"ALKES","SIRPLUS SYRUP","BUAH",14300,,,,,,,1990-01-01,12:00:00 AM,2020-01-01,11:59:00 PM
"ALKES","SISTENOL TABLET","BUAH",1650,,,,,,,1990-01-01,12:00:00 AM,2020-01-01,11:59:00 PM
"OBAT","SMECTA SACHET","BUAH","3666,67",,,,,,,1990-01-01,12:00:00 AM,2020-01-01,11:59:00 PM
"OBAT","SOFTA MAN 500 BRAUN","BUAH","78750,1",,,,,,,1990-01-01,12:00:00 AM,2020-01-01,11:59:00 PM
"ALKES","SOFTAMAN 100ML","BUAH",0,,,,,,,1990-01-01,12:00:00 AM,2020-01-01,11:59:00 PM
"OBAT","SOTATIC INJEKSI","BUAH",4664,,,,,,,1990-01-01,12:00:00 AM,2020-01-01,11:59:00 PM
"ALKES","SPALEG 4,5X15","BUAH",4700,,,,,,,1990-01-01,12:00:00 AM,2020-01-01,11:59:00 PM
"ALKES","SPALEG 4,5X18","BUAH",5000,,,,,,,1990-01-01,12:00:00 AM,2020-01-01,11:59:00 PM
"ALKES","SPALEG 4,5X21","BUAH",5300,,,,,,,1990-01-01,12:00:00 AM,2020-01-01,11:59:00 PM
"ALKES","SPALEG 4X10","BUAH",4300,,,,,,,1990-01-01,12:00:00 AM,2020-01-01,11:59:00 PM
"ALKES","SPALEG 4X13","BUAH",4500,,,,,,,1990-01-01,12:00:00 AM,2020-01-01,11:59:00 PM
"OBAT","SPASMINAL TABLET","BUAH",594,,,,,,,1990-01-01,12:00:00 AM,2020-01-01,11:59:00 PM
"OBAT","SPICA SPINAL 0.5 %","BUAH","13069,98",,,,,,,1990-01-01,12:00:00 AM,2020-01-01,11:59:00 PM
"ALKES","SPINOCAN B BRAUN 25","BUAH","32000,1",,,,,,,1990-01-01,12:00:00 AM,2020-01-01,11:59:00 PM
"ALKES","SPINOCAN B BRAUN 26","BUAH","32000,1",,,,,,,1990-01-01,12:00:00 AM,2020-01-01,11:59:00 PM
"ALKES","SPINOCAN B BRAUN 27","BUAH",41800,,,,,,,1990-01-01,12:00:00 AM,2020-01-01,11:59:00 PM
"OBAT","SPIRAMYCIN 500 MG (1.5M IU) TABLET","BUAH",2068,,,,,,,1990-01-01,12:00:00 AM,2020-01-01,11:59:00 PM
"OBAT","SPIRONOLAKTON 25 MG","BUAH","346,37",,,,,,,1990-01-01,12:00:00 AM,2020-01-01,11:59:00 PM
"OBAT","SPORETIK 100 MG KAPSUL","BUAH",20691,,,,,,,1990-01-01,12:00:00 AM,2020-01-01,11:59:00 PM
"OBAT","SPORETIK 200 MG KAPSUL","BUAH",29887,,,,,,,1990-01-01,12:00:00 AM,2020-01-01,11:59:00 PM
"OBAT","SPORETIK 50 MG KAPSUL","BUAH",9889,,,,,,,1990-01-01,12:00:00 AM,2020-01-01,11:59:00 PM
"OBAT","SPORETIK DRY SYRUP","BUAH",87340,,,,,,,1990-01-01,12:00:00 AM,2020-01-01,11:59:00 PM
"ALKES","SPUIT 1 CC TUBERCULIN TERUMO","BUAH",2500,,,,,,,1990-01-01,12:00:00 AM,2020-01-01,11:59:00 PM
"ALKES","SPUIT 10 CC ONEMED","BUAH",1155,,,,,,,1990-01-01,12:00:00 AM,2020-01-01,11:59:00 PM
"ALKES","SPUIT 20 CC TERUMO","BUAH",13970,,,,,,,1990-01-01,12:00:00 AM,2020-01-01,11:59:00 PM
"OBAT","SPUIT 3 CC ONEMED","BUAH",759,,,,,,,1990-01-01,12:00:00 AM,2020-01-01,11:59:00 PM
"OBAT","SPUIT 5 CC ONEMED","BUAH",792,,,,,,,1990-01-01,12:00:00 AM,2020-01-01,11:59:00 PM
"ALKES","SPUIT 5 CC TERUMO","BUAH",2600,,,,,,,1990-01-01,12:00:00 AM,2020-01-01,11:59:00 PM
"ALKES","SPUIT 50 CC TERUMO (BIRU)","BUAH",23320,,,,,,,1990-01-01,12:00:00 AM,2020-01-01,11:59:00 PM
"ALKES","ST GAMMEX NO. 7,0","BUAH",0,,,,,,,1990-01-01,12:00:00 AM,2020-01-01,11:59:00 PM
"ALKES","ST GAMMEX NO. 7,5","BUAH",17600,,,,,,,1990-01-01,12:00:00 AM,2020-01-01,11:59:00 PM
"ALKES","ST GAMMEX NO. 8,0","BUAH",0,,,,,,,1990-01-01,12:00:00 AM,2020-01-01,11:59:00 PM
"ALKES","ST. EXAMIN GLOVES  M","BUAH",0,,,,,,,1990-01-01,12:00:00 AM,2020-01-01,11:59:00 PM
"OBAT","ST. SENSI GLOVES SMALL","BUAH",0,,,,,,,1990-01-01,12:00:00 AM,2020-01-01,11:59:00 PM
"OBAT","ST. SENSIGLOVES XSMALL","BUAH",0,,,,,,,1990-01-01,12:00:00 AM,2020-01-01,11:59:00 PM
"ALKES","ST. SUPERLIFE M","BUAH",891,,,,,,,1990-01-01,12:00:00 AM,2020-01-01,11:59:00 PM
"ALKES","ST. SUPERLIFE S","BUAH",891,,,,,,,1990-01-01,12:00:00 AM,2020-01-01,11:59:00 PM
"ALKES","ST. SURETEX NS NO. 7,0","BUAH",0,,,,,,,1990-01-01,12:00:00 AM,2020-01-01,11:59:00 PM
"ALKES","ST. SURETEX NS NO. 7,5","BUAH",4180,,,,,,,1990-01-01,12:00:00 AM,2020-01-01,11:59:00 PM
"ALKES","ST. SURETEX NS NO. 8,0","BUAH",4180,,,,,,,1990-01-01,12:00:00 AM,2020-01-01,11:59:00 PM
"OBAT","STARCEF DS 100  MG","BUAH",82500,,,,,,,1990-01-01,12:00:00 AM,2020-01-01,11:59:00 PM
"OBAT","STARCEF TAB 100","BUAH",19250,,,,,,,1990-01-01,12:00:00 AM,2020-01-01,11:59:00 PM
"ALKES","STERICLIN FLT 10 CM 200 M","BUAH",984500,,,,,,,1990-01-01,12:00:00 AM,2020-01-01,11:59:00 PM
"ALKES","STERICLIN FLT 15 CM 200 M","BUAH",1490500,,,,,,,1990-01-01,12:00:00 AM,2020-01-01,11:59:00 PM
"OBAT","STERILE WATER 1000ML","BUAH",27280,,,,,,,1990-01-01,12:00:00 AM,2020-01-01,11:59:00 PM
"OBAT","STESOLID  5 MG REKTAL TUBE","BUAH",26136,,,,,,,1990-01-01,12:00:00 AM,2020-01-01,11:59:00 PM
"OBAT","STESOLID 10 MG REKTAL TUBE","BUAH",39204,,,,,,,1990-01-01,12:00:00 AM,2020-01-01,11:59:00 PM
"OBAT","STESOLID INJ 10MG/2ML","BUAH",12584,,,,,,,1990-01-01,12:00:00 AM,2020-01-01,11:59:00 PM
"OBAT","STIMUNO KAPLET","BUAH",0,,,,,,,1990-01-01,12:00:00 AM,2020-01-01,11:59:00 PM
"OBAT","STIMUNO SYRUP ANGGUR","BUAH",23900,,,,,,,1990-01-01,12:00:00 AM,2020-01-01,11:59:00 PM
"ALKES","STOMACH TUBE 12 TERUMO","BUAH",36960,,,,,,,1990-01-01,12:00:00 AM,2020-01-01,11:59:00 PM
"ALKES","STOMACH TUBE 14 TERUMO","BUAH",36960,,,,,,,1990-01-01,12:00:00 AM,2020-01-01,11:59:00 PM
"ALKES","STOMACH TUBE 16 TERUMO","BUAH",36000,,,,,,,1990-01-01,12:00:00 AM,2020-01-01,11:59:00 PM
"ALKES","STOMACH TUBE 18 TERUMO","BUAH",36960,,,,,,,1990-01-01,12:00:00 AM,2020-01-01,11:59:00 PM
"ALKES","SUCTION CATHETER 10","BUAH",5500,,,,,,,1990-01-01,12:00:00 AM,2020-01-01,11:59:00 PM
"ALKES","SUCTION CATHETER 12","BUAH",5500,,,,,,,1990-01-01,12:00:00 AM,2020-01-01,11:59:00 PM
"ALKES","SUCTION CATHETER 14","BUAH",4500,,,,,,,1990-01-01,12:00:00 AM,2020-01-01,11:59:00 PM
"ALKES","SUCTION CATHETER 16","BUAH",5500,,,,,,,1990-01-01,12:00:00 AM,2020-01-01,11:59:00 PM
"ALKES","SUCTION CATHETER 6","BUAH",6050,,,,,,,1990-01-01,12:00:00 AM,2020-01-01,11:59:00 PM
"ALKES","SUCTION CATHETER 8 PASCHO","BUAH",5500,,,,,,,1990-01-01,12:00:00 AM,2020-01-01,11:59:00 PM
"ALKES","SURFLO 16 TERUMO","BUAH","9982,5",,,,,,,1990-01-01,12:00:00 AM,2020-01-01,11:59:00 PM
"OBAT","SURFLO 18 TERUMO","BUAH","9982,5",,,,,,,1990-01-01,12:00:00 AM,2020-01-01,11:59:00 PM
"ALKES","SURFLO 20 TERUMO","BUAH",9680,,,,,,,1990-01-01,12:00:00 AM,2020-01-01,11:59:00 PM
"ALKES","SURFLO 22 TERUMO","BUAH",9680,,,,,,,1990-01-01,12:00:00 AM,2020-01-01,11:59:00 PM
"OBAT","SURFLO 24 TERUMO","BUAH",15840,,,,,,,1990-01-01,12:00:00 AM,2020-01-01,11:59:00 PM
"ALKES","SUTURE SILK 3/0 NON JARUM  ONEMED","BUAH",4125,,,,,,,1990-01-01,12:00:00 AM,2020-01-01,11:59:00 PM
"OBAT","SYNTOCINON INJEKSI","BUAH","13913,35",,,,,,,1990-01-01,12:00:00 AM,2020-01-01,11:59:00 PM
"ALKES","T- CHROMIC 3-0 RC 9","BUAH",0,,,,,,,1990-01-01,12:00:00 AM,2020-01-01,11:59:00 PM
"OBAT","TARIVID TETES MATA","BUAH",61050,,,,,,,1990-01-01,12:00:00 AM,2020-01-01,11:59:00 PM
"OBAT","TAXEGRAM 0,5 G INJEKSI","BUAH",74250,,,,,,,1990-01-01,12:00:00 AM,2020-01-01,11:59:00 PM
"OBAT","TAXEGRAM 1 G INJEKSI","BUAH",149380,,,,,,,1990-01-01,12:00:00 AM,2020-01-01,11:59:00 PM
"ALKES","T-DIO 1","BUAH",154000,,,,,,,1990-01-01,12:00:00 AM,2020-01-01,11:59:00 PM
"ALKES","T-DIO BASIC PACK 130529","BUAH",137500,,,,,,,1990-01-01,12:00:00 AM,2020-01-01,11:59:00 PM
"ALKES","TEGADERM 4,4 X 4,4","BUAH",7000,,,,,,,1990-01-01,12:00:00 AM,2020-01-01,11:59:00 PM
"ALKES","TEGADERM 6 x 7","BUAH",7000,,,,,,,1990-01-01,12:00:00 AM,2020-01-01,11:59:00 PM
"OBAT","TEGADERM NEONATUS 4,4 x 4,4","BUAH",0,,,,,,,1990-01-01,12:00:00 AM,2020-01-01,11:59:00 PM
"ALKES","TEGADERM PEDIATRIC 6 x 7","BUAH",0,,,,,,,1990-01-01,12:00:00 AM,2020-01-01,11:59:00 PM
"OBAT","TEMPRA FORTE SYR","BUAH",0,,,,,,,1990-01-01,12:00:00 AM,2020-01-01,11:59:00 PM
"OBAT","TERANOL INJ","BUAH",38000,,,,,,,1990-01-01,12:00:00 AM,2020-01-01,11:59:00 PM
"OBAT","TERANOL TABLET","BUAH",5500,,,,,,,1990-01-01,12:00:00 AM,2020-01-01,11:59:00 PM
"OBAT","TERFACEF INJEKSI","BUAH",220770,,,,,,,1990-01-01,12:00:00 AM,2020-01-01,11:59:00 PM
"ALKES","TERMOMETER DIGITAL","BUAH",22000,,,,,,,1990-01-01,12:00:00 AM,2020-01-01,11:59:00 PM
"ALKES","T-HANDRUB 1L","BUAH",0,,,,,,,1990-01-01,12:00:00 AM,2020-01-01,11:59:00 PM
"OBAT","THEOBRON 130 MG KAPSUL","BUAH",2255,,,,,,,1990-01-01,12:00:00 AM,2020-01-01,11:59:00 PM
"OBAT","THIAMPHENICOL 500 MG KAPSUL","BUAH",1320,,,,,,,1990-01-01,12:00:00 AM,2020-01-01,11:59:00 PM
"OBAT","THROMBOGEL 10 G","BUAH",37950,,,,,,,1990-01-01,12:00:00 AM,2020-01-01,11:59:00 PM
"ALKES","T-LENE 4-0","BUAH",0,,,,,,,1990-01-01,12:00:00 AM,2020-01-01,11:59:00 PM
"ALKES","T-MONO 1 M48 mm 90","BUAH",126500,,,,,,,1990-01-01,12:00:00 AM,2020-01-01,11:59:00 PM
"OBAT","TOPAZOL INJ 40MG","BUAH",161700,,,,,,,1990-01-01,12:00:00 AM,2020-01-01,11:59:00 PM
"OBAT","TOPLEXIL SYRUP 120 ML","BUAH",77935,,,,,,,1990-01-01,12:00:00 AM,2020-01-01,11:59:00 PM
"OBAT","TOPLEXIL SYRUP 60 ML","BUAH",44165,,,,,,,1990-01-01,12:00:00 AM,2020-01-01,11:59:00 PM
"OBAT","TRADOSIK CAPSUL","BUAH","4606,66",,,,,,,1990-01-01,12:00:00 AM,2020-01-01,11:59:00 PM
"OBAT","TRADOSIK INJEKSI","BUAH",19900,,,,,,,1990-01-01,12:00:00 AM,2020-01-01,11:59:00 PM
"OBAT","TRAMADOL 50 MG KAPSUL","BUAH",352,,,,,,,1990-01-01,12:00:00 AM,2020-01-01,11:59:00 PM
"ALKES","TRAMADOL INJ","BUAH","7681,96",,,,,,,1990-01-01,12:00:00 AM,2020-01-01,11:59:00 PM
"ALKES","TRANSOFIX","BUAH","3400,1",,,,,,,1990-01-01,12:00:00 AM,2020-01-01,11:59:00 PM
"ALKES","TREMENZA SYRUP","BUAH",20900,,,,,,,1990-01-01,12:00:00 AM,2020-01-01,11:59:00 PM
"OBAT","TREMENZA TABLET","BUAH",1485,,,,,,,1990-01-01,12:00:00 AM,2020-01-01,11:59:00 PM
"OBAT","TRICHODAZOL 500MG","BUAH",1738,,,,,,,1990-01-01,12:00:00 AM,2020-01-01,11:59:00 PM
"OBAT","TRIDEX 100 24S","BUAH",21450,,,,,,,1990-01-01,12:00:00 AM,2020-01-01,11:59:00 PM
"OBAT","TRIDEX 27 B 500 ML","BUAH",22000,,,,,,,1990-01-01,12:00:00 AM,2020-01-01,11:59:00 PM
"OBAT","TROVENSIS 4 MG TABLET","BUAH",12782,,,,,,,1990-01-01,12:00:00 AM,2020-01-01,11:59:00 PM
"OBAT","TROVENSIS INJEKSI 4 MG","BUAH",35354,,,,,,,1990-01-01,12:00:00 AM,2020-01-01,11:59:00 PM
"ALKES","T-SILK  1","BUAH",660000,,,,,,,1990-01-01,12:00:00 AM,2020-01-01,11:59:00 PM
"ALKES","T-SILK 3-0","BUAH",16500,,,,,,,1990-01-01,12:00:00 AM,2020-01-01,11:59:00 PM
"ALKES","TSM TERUMO","BUAH",97900,,,,,,,1990-01-01,12:00:00 AM,2020-01-01,11:59:00 PM
"OBAT","TUBERCULIN PPD RT 23 SSI 1.5 ML","BUAH",772475,,,,,,,1990-01-01,12:00:00 AM,2020-01-01,11:59:00 PM
"ALKES","T-VIO 1 V16 90 CM","BUAH",36500,,,,,,,1990-01-01,12:00:00 AM,2020-01-01,11:59:00 PM
"ALKES","T-VIO 3/0 V33 76CM","BUAH",5675,,,,,,,1990-01-01,12:00:00 AM,2020-01-01,11:59:00 PM
"OBAT","ULTRAPROCT N CREAM","BUAH","108201,5",,,,,,,1990-01-01,12:00:00 AM,2020-01-01,11:59:00 PM
"OBAT","ULTRAPROCT N SUPPOSITORIA","BUAH",15862,,,,,,,1990-01-01,12:00:00 AM,2020-01-01,11:59:00 PM
"ALKES","ULTRASONIC GEL 250ML","BUAH",0,,,,,,,1990-01-01,12:00:00 AM,2020-01-01,11:59:00 PM
"ALKES","ULTRASONIC GEL 5 LITER","BUAH",0,,,,,,,1990-01-01,12:00:00 AM,2020-01-01,11:59:00 PM
"ALKES","UMBILICAL CORD CLAMP PASCHO","BUAH",0,,,,,,,1990-01-01,12:00:00 AM,2020-01-01,11:59:00 PM
"ALKES","UMBILICAL ONEMED","BUAH",1980,,,,,,,1990-01-01,12:00:00 AM,2020-01-01,11:59:00 PM
"ALKES","UNDERPAED","BUAH","2916,1",,,,,,,1990-01-01,12:00:00 AM,2020-01-01,11:59:00 PM
"OBAT","URDAFALK 250 MG KAPSUL","BUAH","10426,17",,,,,,,1990-01-01,12:00:00 AM,2020-01-01,11:59:00 PM
"OBAT","URDAHEX 250MG KAPSUL","BUAH","10083,33",,,,,,,1990-01-01,12:00:00 AM,2020-01-01,11:59:00 PM
"OBAT","URESIX INJEKSI","BUAH",8734,,,,,,,1990-01-01,12:00:00 AM,2020-01-01,11:59:00 PM
"OBAT","URFAMYCIN 500 MG KAPSUL","BUAH",5313,,,,,,,1990-01-01,12:00:00 AM,2020-01-01,11:59:00 PM
"ALKES","URINE BAG GEA","BUAH",3388,,,,,,,1990-01-01,12:00:00 AM,2020-01-01,11:59:00 PM
"ALKES","URINE BAG ONE MED","BUAH",0,,,,,,,1990-01-01,12:00:00 AM,2020-01-01,11:59:00 PM
"ALKES","URINE BAG STERIL ROYAL","BUAH",0,,,,,,,1990-01-01,12:00:00 AM,2020-01-01,11:59:00 PM
"ALKES","URINE COLLECTOR","BUAH",44500,,,,,,,1990-01-01,12:00:00 AM,2020-01-01,11:59:00 PM
"OBAT","UROGETIX KAPLET","BUAH",6400,,,,,,,1990-01-01,12:00:00 AM,2020-01-01,11:59:00 PM
"OBAT","URSODEOXYCHOLIC ACID 250","BUAH",4620,,,,,,,1990-01-01,12:00:00 AM,2020-01-01,11:59:00 PM
"OBAT","UTROGESTAN 100MG","BUAH",11550,,,,,,,1990-01-01,12:00:00 AM,2020-01-01,11:59:00 PM
"OBAT","UTROGESTAN 200MG SUPP","BUAH",21450,,,,,,,1990-01-01,12:00:00 AM,2020-01-01,11:59:00 PM
"OBAT","VALISANBE 2 MG TABLET","BUAH","236,5",,,,,,,1990-01-01,12:00:00 AM,2020-01-01,11:59:00 PM
"OBAT","VALISANBE 5 MG TABLET","BUAH",396,,,,,,,1990-01-01,12:00:00 AM,2020-01-01,11:59:00 PM
"OBAT","VAPORIN KAPSUL","BUAH",6050,,,,,,,1990-01-01,12:00:00 AM,2020-01-01,11:59:00 PM
"OBAT","VASCON INJ","BUAH",99000,,,,,,,1990-01-01,12:00:00 AM,2020-01-01,11:59:00 PM
"OBAT","VECTRINE 300 MG KAPSUL","BUAH",4400,,,,,,,1990-01-01,12:00:00 AM,2020-01-01,11:59:00 PM
"OBAT","VECTRINE DRY SYRUP","BUAH",39600,,,,,,,1990-01-01,12:00:00 AM,2020-01-01,11:59:00 PM
"OBAT","VELLEPSY SYRUP","BUAH",82500,,,,,,,1990-01-01,12:00:00 AM,2020-01-01,11:59:00 PM
"OBAT","VELUTINE NEBULES","BUAH",7700,,,,,,,1990-01-01,12:00:00 AM,2020-01-01,11:59:00 PM
"ALKES","VENFLON BD 18","BUAH",21500,,,,,,,1990-01-01,12:00:00 AM,2020-01-01,11:59:00 PM
"ALKES","VENFLON BD 20","BUAH","28462,5",,,,,,,1990-01-01,12:00:00 AM,2020-01-01,11:59:00 PM
"ALKES","VENFLON BD 24","BUAH",0,,,,,,,1990-01-01,12:00:00 AM,2020-01-01,11:59:00 PM
"ALKES","VENFLON POLYMED  18","BUAH",22000,,,,,,,1990-01-01,12:00:00 AM,2020-01-01,11:59:00 PM
"ALKES","VENFLON POLYMED  20","BUAH",22000,,,,,,,1990-01-01,12:00:00 AM,2020-01-01,11:59:00 PM
"OBAT","VENOVER INJEKSI","BUAH",223800,,,,,,,1990-01-01,12:00:00 AM,2020-01-01,11:59:00 PM
"OBAT","VENTOLIN NEBULES 2,5 MG","BUAH","9886,8",,,,,,,1990-01-01,12:00:00 AM,2020-01-01,11:59:00 PM
"OBAT","VENTOLIN SYRUP 100 ML","BUAH","49549,5",,,,,,,1990-01-01,12:00:00 AM,2020-01-01,11:59:00 PM
"OBAT","VERBAN 10 CM","BUAH",1100,,,,,,,1990-01-01,12:00:00 AM,2020-01-01,11:59:00 PM
"OBAT","VESTEIN CAPSUL 300 MG","BUAH",4675,,,,,,,1990-01-01,12:00:00 AM,2020-01-01,11:59:00 PM
"OBAT","VESTEIN DRY SYRUP","BUAH",38500,,,,,,,1990-01-01,12:00:00 AM,2020-01-01,11:59:00 PM
"OBAT","VICCILLIN - SX 1500 MG","BUAH",90200,,,,,,,1990-01-01,12:00:00 AM,2020-01-01,11:59:00 PM
"OBAT","VITADION 2 MG","BUAH",12760,,,,,,,1990-01-01,12:00:00 AM,2020-01-01,11:59:00 PM
"OBAT","VITAMIN C (IPPI)","BUAH",82,,,,,,,1990-01-01,12:00:00 AM,2020-01-01,11:59:00 PM
"OBAT","VOMETA DROP 10 ML","BUAH",43450,,,,,,,1990-01-01,12:00:00 AM,2020-01-01,11:59:00 PM
"OBAT","VOMETA FLAST TABLET","BUAH",4070,,,,,,,1990-01-01,12:00:00 AM,2020-01-01,11:59:00 PM
"OBAT","VOMETA SYRUP 60 ML","BUAH",43450,,,,,,,1990-01-01,12:00:00 AM,2020-01-01,11:59:00 PM
"OBAT","VOMISTOP FT TAB","BUAH",3850,,,,,,,1990-01-01,12:00:00 AM,2020-01-01,11:59:00 PM
"OBAT","VOSEDON SUSPENSI 60 ML","BUAH",30470,,,,,,,1990-01-01,12:00:00 AM,2020-01-01,11:59:00 PM
"OBAT","VOSEDON TABLET","BUAH",2431,,,,,,,1990-01-01,12:00:00 AM,2020-01-01,11:59:00 PM
"OBAT","WATER FOR INJECTION 25 ML","BUAH",6380,,,,,,,1990-01-01,12:00:00 AM,2020-01-01,11:59:00 PM
"OBAT","XEVOLAC INJ","BUAH",36300,,,,,,,1990-01-01,12:00:00 AM,2020-01-01,11:59:00 PM
"OBAT","XIDANE CAPSUL","BUAH",8250,,,,,,,1990-01-01,12:00:00 AM,2020-01-01,11:59:00 PM
"OBAT","ZEMYC 150 MG","BUAH",63800,,,,,,,1990-01-01,12:00:00 AM,2020-01-01,11:59:00 PM
"OBAT","ZIBRAMAX 200MG/5ML SYRUP","BUAH",46500,,,,,,,1990-01-01,12:00:00 AM,2020-01-01,11:59:00 PM
"OBAT","ZITHROMAX POS 600/15 ML","BUAH","133723,7",,,,,,,1990-01-01,12:00:00 AM,2020-01-01,11:59:00 PM
