OBAT;FARMADOL INFUS 100 ML;pcs;pcs;0;;;;1-0473;;;;;;;;;;;89385.12;1
OBAT;FARMADOL INFUS 50 ML;pcs;pcs;0;;;;1-0474;;;;;;;;;;;54885.6;1
OBAT;FARMASAL 100 MG;pcs;pcs;0;;;;1-0475;;;;;;;;;;;1019.04;1
OBAT;FARNORNIM 50 MG;pcs;pcs;0;;;;1-0476;;;;;;;;;;;792;1
OBAT;FARSIX INJEKSI;pcs;pcs;0;;;;1-0477;;;;;;;;;;;9438;1
OBAT;FARSORBID 5 MG;pcs;pcs;0;;;;1-0478;;;;;;;;;;;294.36;223.3
OBAT;FASTOR 20 MG;pcs;pcs;0;;;;1-0479;;;;;;;;;;;17556;13300
ALAT KESEHATAN;FEEDING TUBE 10 JMS;pcs;pcs;0;;;;1-0480;;;;;;;;;;;37752;28600
ALAT KESEHATAN;FEEDING TUBE 3,5 TERUMO;pcs;pcs;0;;;;1-0481;;;;;;;;;;;54504.45;42350
ALAT KESEHATAN;FEEDING TUBE 5/40 TERUMO;pcs;pcs;0;;;;1-0482;;;;;;;;;;;55902;42350
ALAT KESEHATAN;FEEDING TUBE 6 JMS;pcs;pcs;0;;;;1-0483;;;;;;;;;;;19367.04;1
OBAT;FEEDING TUBE 8 JMS;pcs;pcs;0;;;;1-0484;;;;;;;;;;;24698.52;1
ALAT KESEHATAN;FEEDING TUBE 8/40 TERUMO;pcs;pcs;0;;;;1-0485;;;;;;;;;;;55902;42350
OBAT;FENTANYL INJEKSI;pcs;pcs;0;;;;1-0486;;;;;;;;;;;63888;48400
OBAT;FERLIN DROP 15 ML;pcs;pcs;0;;;;1-0487;;;;;;;;;;;35283.6;1
OBAT;FERLIN SYRUP 100 ML;pcs;pcs;0;;;;1-0488;;;;;;;;;;;42471;6600
OBAT;FERRIZ DROP 15 ML;pcs;pcs;0;;;;1-0489;;;;;;;;;;;43560;33000
OBAT;FERRIZ SYRUP 100 ML;pcs;pcs;0;;;;1-0490;;;;;;;;;;;43560;33000
OBAT;FIMAHES 6%;pcs;pcs;0;;;;1-0491;;;;;;;;;;;123420;93500
OBAT;FIXACEP OD;pcs;pcs;0;;;;1-0492;;;;;;;;;;;76956;1
ALAT KESEHATAN;FIXOMULL 10CMX5M;pcs;pcs;0;;;;1-0493;;;;;;;;;;;147987.84;101524.5
OBAT;FLADYSTIN OVULA;pcs;pcs;0;;;;1-0494;;;;;;;;;;;21780;16500
OBAT;FLAGYL  0,5 G SUPPOSITORIA;pcs;pcs;0;;;;1-0495;;;;;;;;;;;16211.05;12281.1
OBAT;FLAGYL 1G SUPPOSITORIA;pcs;pcs;0;;;;1-0496;;;;;;;;;;;36960;31000
OBAT;FLAGYL SYRUP 60ML;pcs;pcs;0;;;;1-0497;;;;;;;;;;;75297.22;58506
OBAT;FLAGYL TABLET 500 MG;pcs;pcs;0;;;;1-0498;;;;;;;;;;;9636;7300
OBAT;FLAMAR 50 MG TABLET;pcs;pcs;0;;;;1-0499;;;;;;;;;;;4907.76;3718
OBAT;FLUIMUCIL 100 MG SACHET;pcs;pcs;0;;;;1-0500;;;;;;;;;;;5121;4300
OBAT;FLUIMUCIL 200 MG KAPSUL;pcs;pcs;0;;;;1-0501;;;;;;;;;;;8397.4;6361.67
OBAT;FLUIMUCIL 200 MG SACHET;pcs;pcs;0;;;;1-0502;;;;;;;;;;;7326;1
OBAT;FLUNARIZIN 5MG TAB;pcs;pcs;0;;;;1-0503;;;;;;;;;;;2666.4;1
OBAT;FOLAMIL GENIO KAPLET;pcs;pcs;0;;;;1-0504;;;;;;;;;;;5517.6;4180
OBAT;FOLAMIL KAPLET;pcs;pcs;0;;;;1-0505;;;;;;;;;;;2178;1650
OBAT;FOLAVIT 400 G TABLET;pcs;pcs;0;;;;1-0507;;;;;;;;;;;1299.54;984.5
OBAT;FOLIC ACID 1MG TABLET;pcs;pcs;0;;;;1-0508;;;;;;;;;;;118.8;1
ALAT KESEHATAN;FOLLEY  CATHETER 8 RUSCH;pcs;pcs;0;;;;1-0509;;;;;;;;;;;65340;49500
ALAT KESEHATAN;FOLLEY CATHATER 18 RUSCH;pcs;pcs;0;;;;1-0510;;;;;;;;;;;19800;15000
ALAT KESEHATAN;FOLLEY CATHERET 10 RUSCH;pcs;pcs;0;;;;1-0511;;;;;;;;;;;66602.25;51750
ALAT KESEHATAN;FOLLEY CATHETER 12 RUSCH;pcs;pcs;0;;;;1-0512;;;;;;;;;;;23232;17600
ALAT KESEHATAN;FOLLEY CATHETER 14 RUSCH;pcs;pcs;0;;;;1-0513;;;;;;;;;;;21489.6;16280
ALAT KESEHATAN;FOLLEY CATHETER 14 RUSCH (BPJS);pcs;pcs;0;;;;1-0514;;;;;;;;;;;19367.04;1
ALAT KESEHATAN;FOLLEY CATHETER 14 WRP;pcs;pcs;0;;;;1-0515;;;;;;;;;;;14534.52;11011
ALAT KESEHATAN;FOLLEY CATHETER 16 RUSCH;pcs;pcs;0;;;;1-0516;;;;;;;;;;;19800;15000
ALAT KESEHATAN;FOLLEY CATHETER 20;pcs;pcs;0;;;;1-0517;;;;;;;;;;;19965;15125
ALAT KESEHATAN;FOLLEY CATHETER 6 RUSCH;pcs;pcs;0;;;;1-0518;;;;;;;;;;;196020;148500
OBAT;FORBIVENT AMP;pcs;pcs;0;;;;1-0519;;;;;;;;;;;11769.12;1
OBAT;FORMALIN 1 L;pcs;pcs;0;;;;1-0520;;;;;;;;;;;310200;235000
OBAT;FORMUNO KAPLET;pcs;pcs;0;;;;1-0521;;;;;;;;;;;9873.6;7480
OBAT;FRIXITAS 0,25 MG TABLET;pcs;pcs;0;;;;1-0522;;;;;;;;;;;1953.6;1
OBAT;FRIXITAS 0,5 MG TABLET;pcs;pcs;0;;;;1-0523;;;;;;;;;;;4158;3150
OBAT;FUCOIDAN 100MG;pcs;pcs;0;;;;1-0524;;;;;;;;;;;16465.68;1
OBAT;FULADIC KRIM 5 G;pcs;pcs;0;;;;1-0525;;;;;;;;;;;76956;58300
OBAT;FUNDAMIN E TABLET;pcs;pcs;0;;;;1-0526;;;;;;;;;;;1056;1
OBAT;FUROSEMIDE 40 MG TABLET;pcs;pcs;0;;;;1-0527;;;;;;;;;;;494.39;222.5
OBAT;FUTROLIT INFUS;pcs;pcs;0;;;;1-0528;;;;;;;;;;;48574.37;36798.76
OBAT;GABAPENTIN 300MG TAB;pcs;pcs;0;;;;1-0529;;;;;;;;;;;6403.32;4851
OBAT;GABBRYL 250 MG TABLET;pcs;pcs;0;;;;1-0530;;;;;;;;;;;5854.2;1
OBAT;GABBRYL SYRUP 60 ML;pcs;pcs;0;;;;1-0531;;;;;;;;;;;76956;1
OBAT;GALVUSMET 50MG/500MG;pcs;pcs;0;;;;1-0532;;;;;;;;;;;9900;1
OBAT;GARAMYCIN KRIM 15 G;pcs;pcs;0;;;;1-0533;;;;;;;;;;;95832;1
OBAT;GARAMYCIN KRIM 5 G;pcs;pcs;0;;;;1-0534;;;;;;;;;;;46437.86;35180.2
OBAT;GARAMYCIN SALEP 5 G;pcs;pcs;0;;;;1-0535;;;;;;;;;;;37501.2;1
OBAT;GARDASIL INJEKSI 0,5 ML;pcs;pcs;0;;;;1-0536;;;;;;;;;;;900476;857587.5
OBAT;GASTRIDIN INJEKSI;pcs;pcs;0;;;;1-0537;;;;;;;;;;;34267.2;25960
OBAT;GASTRUL 200 MCG TABLET;pcs;pcs;0;;;;1-0538;;;;;;;;;;;15572.7;12100
OBAT;GENTAMICIN 0,1% 5 G SALEP;pcs;pcs;0;;;;1-0539;;;;;;;;;;;4847.04;3672
OBAT;GENTAMICIN INJEKSI;pcs;pcs;0;;;;1-0540;;;;;;;;;;;6684.48;5064
OBAT;GG 100 MG TABLET;pcs;pcs;0;;;;1-0541;;;;;;;;;;;26.4;1
OBAT;GITAS INJ;pcs;pcs;0;;;;1-0542;;;;;;;;;;;35904;31200
OBAT;GITAS PLUS KAPLET;pcs;pcs;0;;;;1-0543;;;;;;;;;;;8857.2;6710
OBAT;GLIBENCLAMIDE TABLET 5 MG;pcs;pcs;0;;;;1-0544;;;;;;;;;;;142.56;1
OBAT;GLIMEPIRIDE 1 MG TABLET;pcs;pcs;0;;;;1-0545;;;;;;;;;;;743.16;1
OBAT;GLIMEPIRIDE 2MG TABLET;pcs;pcs;0;;;;1-0546;;;;;;;;;;;1518;1
OBAT;GLIMEPIRIDE 3 TAB;pcs;pcs;0;;;;1-0547;;;;;;;;;;;2508;1320
OBAT;GLIMEPIRIDE 4 MG TABLET;pcs;pcs;0;;;;1-0548;;;;;;;;;;;2547;1760
OBAT;GLIQUIDONE 30MG;pcs;pcs;0;;;;1-0549;;;;;;;;;;;1354.32;1
OBAT;GLISODIN KAPSUL;pcs;pcs;0;;;;1-0550;;;;;;;;;;;8954;6783.33
OBAT;GLUCOBAY 100;pcs;pcs;0;;;;1-0551;;;;;;;;;;;3894;1
OBAT;GLUCOBAY 50MG TABLET;pcs;pcs;0;;;;1-0552;;;;;;;;;;;2442;1
OBAT;GLUCODEX TABLET;pcs;pcs;0;;;;1-0553;;;;;;;;;;;359;2700
OBAT;GLUCOPHAGE XR 500 MG;pcs;pcs;0;;;;1-0554;;;;;;;;;;;3201;2700
OBAT;GLUCOSAMINE TABLET;pcs;pcs;0;;;;1-0555;;;;;;;;;;;2101.44;1
OBAT;GLUCOVANCE 250 MG/1,25 MG;pcs;pcs;0;;;;1-0556;;;;;;;;;;;1900.8;1
OBAT;GLURENORM TABLET;pcs;pcs;0;;;;1-0557;;;;;;;;;;;4719;1
OBAT;GLUTROP KAPLET;pcs;pcs;0;;;;1-0558;;;;;;;;;;;18612;1
OBAT;GLYCERIN 1 LITER;pcs;pcs;0;;;;1-0559;;;;;;;;;;;79860;60500
OBAT;GLYCERIN 1 ML;pcs;pcs;0;;;;1-0560;;;;;;;;;;;341.88;2.59
OBAT;GOFORAN INJEKSI;pcs;pcs;0;;;;1-0561;;;;;;;;;;;184694.4;1
OBAT;GOOD MIL;pcs;pcs;0;;;;1-0562;;;;;;;;;;;26004;1
OBAT;GUARPOSID- 5 TABLET;pcs;pcs;0;;;;1-0563;;;;;;;;;;;5018.64;1
OBAT;GYGAZIM 2 L;pcs;pcs;0;;;;1-0564;;;;;;;;;;;689700;1
OBAT;HALOTAN;pcs;pcs;0;;;;1-0565;;;;;;;;;;;1870176;1
ALAT KESEHATAN;HANSAPLAST DISNEY;pcs;pcs;0;;;;1-0566;;;;;;;;;;;2200;500000
ALAT KESEHATAN;HANSAPLAST SILVER CARE;pcs;pcs;0;;;;1-0567;;;;;;;;;;;330;250
OBAT;HCT 25 MG TABLET;pcs;pcs;0;;;;1-0568;;;;;;;;;;;533.28;240
OBAT;HEMOBION KAPSUL;pcs;pcs;0;;;;1-0569;;;;;;;;;;;2682.53;2032.22
OBAT;HEMOLOK GEL 3% 15G;pcs;pcs;0;;;;1-0570;;;;;;;;;;;81708;1
OBAT;HEMOLOK SOL 100ML;pcs;pcs;0;;;;1-0571;;;;;;;;;;;92347.2;1
OBAT;HEPA Q CAP;pcs;pcs;0;;;;1-0572;;;;;;;;;;;7128;5400
OBAT;HEPATITIS B IMMUNOGLOBULIN P BEHRING;pcs;pcs;0;;;;1-0573;;;;;;;;;;;2831400;2200000
OBAT;HEPLAV 100 MG;pcs;pcs;0;;;;1-0574;;;;;;;;;;;6392.76;1
OBAT;HEPTASAN 4 MG TABLET;pcs;pcs;0;;;;1-0575;;;;;;;;;;;493.68;374
OBAT;HERBESSER CD 100 MG;pcs;pcs;0;;;;1-0576;;;;;;;;;;;11748;10172
OBAT;HEXILON 16 MG TABLET;pcs;pcs;0;;;;1-0577;;;;;;;;;;;9408.96;1
OBAT;HEXILON 4 MG TABLET;pcs;pcs;0;;;;1-0578;;;;;;;;;;;3606.24;1
OBAT;HEXILON INJEKSI;pcs;pcs;0;;;;1-0579;;;;;;;;;;;106722;1
OBAT;HEXYMER TABLET;pcs;pcs;0;;;;1-0580;;;;;;;;;;;546.48;1
ALAT KESEHATAN;HI - OXY MASK ANAK;pcs;pcs;0;;;;1-0581;;;;;;;;;;;41164.2;1
ALAT KESEHATAN;HI - OXY MASK DEWASA;pcs;pcs;0;;;;1-0582;;;;;;;;;;;36300;27500
OBAT;HI+BONE;pcs;pcs;0;;;;1-0583;;;;;;;;;;;5082;700
OBAT;HIBICET 500 ML;pcs;pcs;0;;;;1-0584;;;;;;;;;;;159720;935000
OBAT;HIBISCRUB 5 L;pcs;pcs;0;;;;1-0585;;;;;;;;;;;1597200;1210000
OBAT;HIBONE ACTIVE CHEW;pcs;pcs;0;;;;1-0586;;;;;;;;;;;4356;3300
OBAT;HIDROCORTISONE 1% KRIM 5 G;pcs;pcs;0;;;;1-0587;;;;;;;;;;;8712;6600
OBAT;HIDROCORTISONE 2,5% KRIM 5 G;pcs;pcs;0;;;;1-0588;;;;;;;;;;;11616;8800
ALAT KESEHATAN;HIPAFIIX 5 M X 5 CM;pcs;pcs;0;;;;1-0589;;;;;;;;;;;84216;70200
OBAT;HISTRIN TABLET;pcs;pcs;0;;;;1-0590;;;;;;;;;;;5645.64;1
OBAT;HUMAN ALBUMIN 20% 100ML;pcs;pcs;0;;;;1-0591;;;;;;;;;;;1306800;1
OBAT;HUSTADIN SYR;pcs;pcs;0;;;;1-0592;;;;;;;;;;;25601.4;1
ALAT KESEHATAN;HYDROFILM PLUS 10X2;pcs;pcs;0;;;;1-0593;;;;;;;;;;;22935;1
OBAT;HYDROGEN PEROXIDE 3% 100ML;pcs;pcs;0;;;;1-0594;;;;;;;;;;;4752;1
OBAT;HYRIC 50MG KAP;pcs;pcs;0;;;;1-0595;;;;;;;;;;;8778;1
OBAT;HYSTOLAN TABLET;pcs;pcs;0;;;;1-0596;;;;;;;;;;;6429.72;1
OBAT;IBUPROFEN 400 MG TABLET;pcs;pcs;0;;;;1-0597;;;;;;;;;;;392.04;297
OBAT;IKAPHEN KAPSUL;pcs;pcs;0;;;;1-0598;;;;;;;;;;;1712.04;1
OBAT;ILIADIN KINDER 0,025% TETES HIDUNG;pcs;pcs;0;;;;1-0599;;;;;;;;;;;68098;63800
OBAT;IMBOOS SYR;pcs;pcs;0;;;;1-0600;;;;;;;;;;;48048;36400
OBAT;IMBOOST FORCE TABLET;pcs;pcs;0;;;;1-0601;;;;;;;;;;;7920;1
OBAT;IMODIUM TABLET;pcs;pcs;0;;;;1-0602;;;;;;;;;;;9630;8900
ALAT KESEHATAN;IMPLANT ANDALAN;pcs;pcs;0;;;;1-0603;;;;;;;;;;;297660;1
OBAT;IMUDATOR KAPLET;pcs;pcs;0;;;;1-0604;;;;;;;;;;;9723.12;1
OBAT;IMUNOS PLUS KAPLET;pcs;pcs;0;;;;1-0605;;;;;;;;;;;13794;10450
OBAT;IMUNOS PLUS SYR 60ML;pcs;pcs;0;;;;1-0606;;;;;;;;;;;133584;101200
OBAT;IMUNOS SYR 60ML;pcs;pcs;0;;;;1-0607;;;;;;;;;;;87120;72600
OBAT;IMUNOS TABLET;pcs;pcs;0;;;;1-0608;;;;;;;;;;;10164;1
OBAT;INBION KAPSUL;pcs;pcs;0;;;;1-0609;;;;;;;;;;;1771.44;1
OBAT;INDEXON INJEKSI;pcs;pcs;0;;;;1-0610;;;;;;;;;;;0;300
ALAT KESEHATAN;INFUS MAKRO NIPRO;pcs;pcs;0;;;;1-0611;;;;;;;;;;;13126.08;1
ALAT KESEHATAN;INFUS SET FOR STC503 (TSPA);pcs;pcs;0;;;;1-0612;;;;;;;;;;;57499.2;43560
OBAT;INFUSAN D10 500 ML;pcs;pcs;0;;;;1-0613;;;;;;;;;;;28314;21450
OBAT;INFUSAN D5 1/2 500 ML SINGLE POT;pcs;pcs;0;;;;1-0614;;;;;;;;;;;17696.25;13406.25
OBAT;INFUSAN D5 1/4 500 ML SINGLE POT;pcs;pcs;0;;;;1-0615;;;;;;;;;;;17601.87;13334.75
OBAT;INFUSAN D5+1/4NS 500 ML;pcs;pcs;0;;;;1-0616;;;;;;;;;;;29475.6;22330
OBAT;INFUSAN NS PYGGYBACK 100 ML;pcs;pcs;0;;;;1-0617;;;;;;;;;;;17787;13475
OBAT;INFUSAN R+D 500 ML;pcs;pcs;0;;;;1-0618;;;;;;;;;;;27050.76;1
OBAT;INFUSAN R+D 500 ML SINGLE POT;pcs;pcs;0;;;;1-0619;;;;;;;;;;;28461.84;1
OBAT;INFUSAN RING-AS 500 ML;pcs;pcs;0;;;;1-0620;;;;;;;;;;;29088.84;1
OBAT;INFUSAN -RL 500 ML;pcs;pcs;0;;;;1-0621;;;;;;;;;;;28531.8;21615
OBAT;INFUSAN-D5 500 ML;pcs;pcs;0;;;;1-0622;;;;;;;;;;;27756.96;1
OBAT;INFUSAN-D5+1/2 NS 500 ML;pcs;pcs;0;;;;1-0623;;;;;;;;;;;29766;22550
ALAT KESEHATAN;INFUSET POLYMED;pcs;pcs;0;;;;1-0624;;;;;;;;;;;13200;10000
ALAT KESEHATAN;INFUSION SET MIKRO TERUMO (TKA);pcs;pcs;0;;;;1-0625;;;;;;;;;;;27588;20900
ALAT KESEHATAN;INFUSION SET MIKRO TERUMO (TKA) (BPJS);pcs;pcs;0;;;;1-0626;;;;;;;;;;;14489.64;1
ALAT KESEHATAN;INFUSION SET NIPRO TYPE  Y;pcs;pcs;0;;;;1-0627;;;;;;;;;;;11180;7276.5
OBAT;INH 300MG;pcs;pcs;0;;;;1-0628;;;;;;;;;;;224.4;1
OBAT;INLACIN 50 MG;pcs;pcs;0;;;;1-0629;;;;;;;;;;;5645.64;1
OBAT;INLACTA;pcs;pcs;0;;;;1-0630;;;;;;;;;;;9075;6875
OBAT;INPEPSA SYR;pcs;pcs;0;;;;1-0631;;;;;;;;;;;70224;1
OBAT;INTERHISTIN TAB;pcs;pcs;0;;;;1-0632;;;;;;;;;;;924;1
OBAT;INTERLAC CHEWABLE TABLET;pcs;pcs;0;;;;1-0633;;;;;;;;;;;13503.6;10230
OBAT;INTERLAC DROP;pcs;pcs;0;;;;1-0634;;;;;;;;;;;370260;280500
OBAT;INTERMOXIL 1 GR INJEKSI;pcs;pcs;0;;;;1-0635;;;;;;;;;;;31825.2;1
OBAT;INTERMOXIL 500  TABLET;pcs;pcs;0;;;;1-0636;;;;;;;;;;;4280.76;1
OBAT;INTERZINC SYRUP;pcs;pcs;0;;;;1-0637;;;;;;;;;;;58080;44000
OBAT;INTERZINC TABLET;pcs;pcs;0;;;;1-0638;;;;;;;;;;;5808;4400
ALAT KESEHATAN;INTRAFIX SAFESET;pcs;pcs;0;;;;1-0639;;;;;;;;;;;31679.74;23999.8
OBAT;INTRICEF 1 G INJEKSI;pcs;pcs;0;;;;1-0640;;;;;;;;;;;198314.16;1
OBAT;INTRIZIN DROP;pcs;pcs;0;;;;1-0641;;;;;;;;;;;86797.92;1
OBAT;INTRIZIN SYRUP;pcs;pcs;0;;;;1-0642;;;;;;;;;;;78540;1
OBAT;INTRIZIN TABLET;pcs;pcs;0;;;;1-0643;;;;;;;;;;;7526.64;1
OBAT;INVICLOT INJEKSI;pcs;pcs;0;;;;1-0644;;;;;;;;;;;81312;66000
OBAT;INVITEC TABLET;pcs;pcs;0;;;;1-0645;;;;;;;;;;;16456;12466.67
OBAT;IPROX SYR;pcs;pcs;0;;;;1-0646;;;;;;;;;;;65340;49500
OBAT;IRBESARTAN 150;pcs;pcs;0;;;;1-0647;;;;;;;;;;;2940.96;1
OBAT;IRBESARTAN 200;pcs;pcs;0;;;;1-0648;;;;;;;;;;;5214;1
OBAT;ISOFLURANE SOLUTION;pcs;pcs;0;;;;1-0649;;;;;;;;;;;2359500;1996500
OBAT;ISOPRINOSINE 500 MG TABLET;pcs;pcs;0;;;;1-0650;;;;;;;;;;;17723.48;13426.88
OBAT;ISOPRINOSINE SIRUP 60ML;pcs;pcs;0;;;;1-0651;;;;;;;;;;;142932;119100
OBAT;ISOSORBIDE DINITRATE 5 MG;pcs;pcs;0;;;;1-0652;;;;;;;;;;;264;200
OBAT;ISPRINOL SYR 60 ML;pcs;pcs;0;;;;1-0653;;;;;;;;;;;108900;82500
OBAT;ISPRINOL TABLET;pcs;pcs;0;;;;1-0654;;;;;;;;;;;7673.16;1
ALAT KESEHATAN;IV 3000;pcs;pcs;0;;;;1-0655;;;;;;;;;;;7526.64;1
ALAT KESEHATAN;IV FLOW REGULATOR;pcs;pcs;0;;;;1-0656;;;;;;;;;;;36300;1
ALAT KESEHATAN;JACSEN RISE ANAK;pcs;pcs;0;;;;1-0657;;;;;;;;;;;391776;1
ALAT KESEHATAN;JACSEN RISE BAYI;pcs;pcs;0;;;;1-0658;;;;;;;;;;;554400;150000
ALAT KESEHATAN;JARUM 18 G TERUMO;pcs;pcs;0;;;;1-0659;;;;;;;;;;;2613;750
ALAT KESEHATAN;JARUM 21 G TERUMO;pcs;pcs;0;;;;1-0660;;;;;;;;;;;3267;1980
ALAT KESEHATAN;JARUM 23 G TERUMO;pcs;pcs;0;;;;1-0661;;;;;;;;;;;2613;1980
ALAT KESEHATAN;JARUM 25 G TERUMO;pcs;pcs;0;;;;1-0662;;;;;;;;;;;3267;2475
ALAT KESEHATAN;JARUM 26 G TERUMO;pcs;pcs;0;;;;1-0663;;;;;;;;;;;2613.6;1980
ALAT KESEHATAN;JARUM SE-ME 21;pcs;pcs;0;;;;1-0664;;;;;;;;;;;10560;8000
ALAT KESEHATAN;JARUM SE-TH 36;pcs;pcs;0;;;;1-0665;;;;;;;;;;;11180.4;8470
OBAT;KA-EN 3 A OTSUKA 500 CC;pcs;pcs;0;;;;1-0666;;;;;;;;;;;0;1
OBAT;KA-EN 3B OTSUKA 500 CC;pcs;pcs;0;;;;1-0667;;;;;;;;;;;31944;24200
OBAT;KA-EN 4B OTSUKA 500 CC;pcs;pcs;0;;;;1-0668;;;;;;;;;;;31944;24200
OBAT;KA-EN MG3;pcs;pcs;0;;;;1-0669;;;;;;;;;;;28380;1
OBAT;KALFOXIM 0,5 G INJEKSI;pcs;pcs;0;;;;1-0670;;;;;;;;;;;100042.8;1
OBAT;KALFOXIM 1 G INJEKSI;pcs;pcs;0;;;;1-0671;;;;;;;;;;;203280;154000
OBAT;KALITAKE SACHET;pcs;pcs;0;;;;1-0672;;;;;;;;;;;24730.2;1
OBAT;KALIUM DIKLOFENAK 50MG;pcs;pcs;0;;;;1-0673;;;;;;;;;;;1009;150
OBAT;KALMECO 500 TABLET;pcs;pcs;0;;;;1-0674;;;;;;;;;;;2917.2;1
OBAT;KALMETHASON 0,5 TABLET;pcs;pcs;0;;;;1-0675;;;;;;;;;;;145.2;110
OBAT;KALMETHASON AMPUL 5 MG/ ML;pcs;pcs;0;;;;1-0676;;;;;;;;;;;10193.04;1
OBAT;KALMETHASON VIAL 4 MG (20MG/5ML);pcs;pcs;0;;;;1-0677;;;;;;;;;;;32931.36;1
OBAT;KALMICETIN SYRUP;pcs;pcs;0;;;;1-0678;;;;;;;;;;;11761.2;1
OBAT;KALMYCETIN KAPSUL 250 MG;pcs;pcs;0;;;;1-0679;;;;;;;;;;;830.28;1
OBAT;KALNEX 500MG TABLET;pcs;pcs;0;;;;1-0680;;;;;;;;;;;4864.2;3685
OBAT;KALNEX INJEKSI 250 MG;pcs;pcs;0;;;;1-0681;;;;;;;;;;;14113.44;1
OBAT;KALNEX INJEKSI 500 MG;pcs;pcs;0;;;;1-0682;;;;;;;;;;;16988.4;13200
OBAT;KALQUEST SACHET;pcs;pcs;0;;;;1-0683;;;;;;;;;;;18033.84;1
OBAT;KALSIUM LAKTAT;pcs;pcs;0;;;;1-0684;;;;;;;;;;;154.43;116.99
OBAT;KALTROFEN GEL 30G;pcs;pcs;0;;;;1-0685;;;;;;;;;;;78675.96;1
OBAT;KALTROFEN SUPPOSITORIA;pcs;pcs;0;;;;1-0686;;;;;;;;;;;17249.76;1
OBAT;KAMILOSAN OINTMENT 10 G;pcs;pcs;0;;;;1-0687;;;;;;;;;;;59742.54;46420
OBAT;KANAMYCIN MEIJI 250 MG KAPSUL;pcs;pcs;0;;;;1-0688;;;;;;;;;;;1960.2;1485
OBAT;KANDISTATIN SUSPENSI 12 ML;pcs;pcs;0;;;;1-0689;;;;;;;;;;;55902;42350
ALAT KESEHATAN;KAPAS 1000 G HUSADA;pcs;pcs;0;;;;1-0690;;;;;;;;;;;144038.4;109120
OBAT;KAPSUL KOSONG NO. 0;pcs;pcs;0;;;;1-0691;;;;;;;;;;;66;50
ALAT KESEHATAN;KASA HYDROFIL 40X80 BUNDA BIRU;pcs;pcs;0;;;;1-0692;;;;;;;;;;;185533.92;1
ALAT KESEHATAN;KASA HYDROFIL 40X80 HEXA HUSADA;pcs;pcs;0;;;;1-0693;;;;;;;;;;;123420;95000
ALAT KESEHATAN;KASA STERIL HUSADA 16X16;pcs;pcs;0;;;;1-0694;;;;;;;;;;;2904;2200
OBAT;KCL 3% SYRUP 100 ML;pcs;pcs;0;;;;1-0695;;;;;;;;;;;32868;24900
OBAT;KCL 3% SYRUP 60 ML;pcs;pcs;0;;;;1-0696;;;;;;;;;;;19800;15000
OBAT;KCL 7,46% INJEKSI;pcs;pcs;0;;;;1-0697;;;;;;;;;;;12051.6;9130
OBAT;KDN1 WIDA;pcs;pcs;0;;;;1-0698;;;;;;;;;;;21562.2;16335
OBAT;KEDACILLIN 1 G INJEKSI;pcs;pcs;0;;;;1-0699;;;;;;;;;;;58299.12;1
OBAT;KENALOG IN ORABASE;pcs;pcs;0;;;;1-0700;;;;;;;;;;;75504;57200
OBAT;KETAMINE HAMELN INJ;pcs;pcs;0;;;;1-0701;;;;;;;;;;;79134;62299.6
OBAT;KETOCONAZOL KRIM;pcs;pcs;0;;;;1-0702;;;;;;;;;;;7260;3614
OBAT;KETOCONAZOLE TAB;pcs;pcs;0;;;;1-0703;;;;;;;;;;;610.5;462.5
OBAT;KETOROLAC INJEKSI 30 MG;pcs;pcs;0;;;;1-0704;;;;;;;;;;;6751;16500
OBAT;KONDOM DUREX;pcs;pcs;0;;;;1-0705;;;;;;;;;;;4400;3333.33
OBAT;KSR TABLET;pcs;pcs;0;;;;1-0706;;;;;;;;;;;4214;3500
OBAT;KUTOIN CAPSUL;pcs;pcs;0;;;;1-0707;;;;;;;;;;;1815;1
OBAT;KUTOIN INJEKSI;pcs;pcs;0;;;;1-0708;;;;;;;;;;;108537;82225
OBAT;K-Y LUBRICATING JELLY 42 G;pcs;pcs;0;;;;1-0709;;;;;;;;;;;43560;1
OBAT;L- ZINC SYRUP;pcs;pcs;0;;;;1-0710;;;;;;;;;;;47916;36300
OBAT;LACIDOFIL KAP;pcs;pcs;0;;;;1-0711;;;;;;;;;;;5590.2;3850
OBAT;LACIDOFIL SACHET;pcs;pcs;0;;;;1-0712;;;;;;;;;;;9583.2;7260
OBAT;LACTACYD LIQUID 60 ML;pcs;pcs;0;;;;1-0713;;;;;;;;;;;33396;25300
OBAT;LACTACYD VAGINAL 60 ML;pcs;pcs;0;;;;1-0714;;;;;;;;;;;27297.6;6266.67
OBAT;LACTAFAR TABLET;pcs;pcs;0;;;;1-0715;;;;;;;;;;;5662.8;4400
OBAT;LACTAMOR TABLET;pcs;pcs;0;;;;1-0716;;;;;;;;;;;2613.6;1
OBAT;LACTAS CALCICUS TABLET;pcs;pcs;0;;;;1-0717;;;;;;;;;;;62.04;1
OBAT;LACTO-B 1 G SACHET;pcs;pcs;0;;;;1-0718;;;;;;;;;;;8566.8;6490
OBAT;LACTULAC SYRUP 60 ML;pcs;pcs;0;;;;1-0719;;;;;;;;;;;50292;1
OBAT;LAKTAFIT TABLET;pcs;pcs;0;;;;1-0720;;;;;;;;;;;3920.4;2970
OBAT;LAMESON 16 MG TABLET;pcs;pcs;0;;;;1-0721;;;;;;;;;;;11616;8800
OBAT;LAMESON 4 MG TABLET;pcs;pcs;0;;;;1-0722;;;;;;;;;;;4936.8;3740
OBAT;LAMESON 8 MG TABLET;pcs;pcs;0;;;;1-0723;;;;;;;;;;;7695.6;5830
OBAT;LAMESON INJ 125;pcs;pcs;0;;;;1-0724;;;;;;;;;;;131868;1
ALAT KESEHATAN;LAMINARIA M;pcs;pcs;0;;;;1-0725;;;;;;;;;;;116160;88000
OBAT;LANSOPRAZOL 30MG;pcs;pcs;0;;;;1-0726;;;;;;;;;;;1783;799.98
OBAT;LANTUS FLEXPEN SOLOSTAR;pcs;pcs;0;;;;1-0727;;;;;;;;;;;262548;1
OBAT;LAPIBAL 500 MG KAPSUL;pcs;pcs;0;;;;1-0728;;;;;;;;;;;2937;2225
OBAT;LAPIBAL INJEKSI;pcs;pcs;0;;;;1-0729;;;;;;;;;;;31548;30550
OBAT;LAPIXIME INJEKSI 1 G;pcs;pcs;0;;;;1-0730;;;;;;;;;;;184140;1
OBAT;LAPRAZ 30 MG KAPSUL;pcs;pcs;0;;;;1-0731;;;;;;;;;;;17394.96;13178
OBAT;LASAL EKSPEKTORAN SYR;pcs;pcs;0;;;;1-0732;;;;;;;;;;;47916;36300
OBAT;LASAL SYR;pcs;pcs;0;;;;1-0733;;;;;;;;;;;31944;24200
OBAT;LASIK TABLET 40 MG;pcs;pcs;0;;;;1-0734;;;;;;;;;;;7838.17;5938.01
OBAT;LASIX INJEKSI;pcs;pcs;0;;;;1-0735;;;;;;;;;;;19995;18700
OBAT;LATROPIL SYRUP 100ML;pcs;pcs;0;;;;1-0736;;;;;;;;;;;63360;1
OBAT;LAXADINE SYRUP 110 ML;pcs;pcs;0;;;;1-0737;;;;;;;;;;;69696;37999.5
OBAT;LAXADINE SYRUP 60 ML;pcs;pcs;0;;;;1-0738;;;;;;;;;;;58080;44000
OBAT;LAXOBERON DROP 10 ML;pcs;pcs;0;;;;1-0739;;;;;;;;;;;116450.4;88220
OBAT;L-BIO SACHET;pcs;pcs;0;;;;1-0740;;;;;;;;;;;10164;7700
OBAT;LBW GOLD S 26;pcs;pcs;0;;;;1-0741;;;;;;;;;;;0;1
OBAT;LEPSIO SYRUP;pcs;pcs;0;;;;1-0742;;;;;;;;;;;108900;82500
OBAT;LEPTICA TABLET 75 MG;pcs;pcs;0;;;;1-0743;;;;;;;;;;;11979;1
OBAT;LEUKOKINE 300 INJKESI;pcs;pcs;0;;;;1-0744;;;;;;;;;;;1234200;850000
ALAT KESEHATAN;LEUKOPLAST 4,5MX7,5 CM (1625H);pcs;pcs;0;;;;1-0745;;;;;;;;;;;55385.09;41958.4
OBAT;LEVEMIR FLEXPEN INSULIN;pcs;pcs;0;;;;1-0746;;;;;;;;;;;218988;165900
OBAT;LEVOFLOXACIN 500 MG;pcs;pcs;0;;;;1-0747;;;;;;;;;;;1522.86;1153.68
OBAT;LIBROFED SYRUP;pcs;pcs;0;;;;1-0748;;;;;;;;;;;28226.88;1
OBAT;LIBROFED TABLET;pcs;pcs;0;;;;1-0749;;;;;;;;;;;1399.2;1
OBAT;LIDOCAIN INJEKSI 2 %;pcs;pcs;0;;;;1-0750;;;;;;;;;;;2323.2;1760
OBAT;LIDODEX INJEKSI;pcs;pcs;0;;;;1-0751;;;;;;;;;;;79860;60500
OBAT;LIKURMIN SYRUP 100 ML;pcs;pcs;0;;;;1-0752;;;;;;;;;;;65340;49500
OBAT;LIPOFOOD;pcs;pcs;0;;;;1-0753;;;;;;;;;;;6996;5300
OBAT;LIPROLAC SACHET;pcs;pcs;0;;;;1-0754;;;;;;;;;;;9196;6966.67
OBAT;LISINOPRIL 10 MG;pcs;pcs;0;;;;1-0755;;;;;;;;;;;861;450
OBAT;LISINOPRIL 5MG;pcs;pcs;0;;;;1-0756;;;;;;;;;;;501;450
OBAT;LOCOID SCALP LOTION 20 ML;pcs;pcs;0;;;;1-0757;;;;;;;;;;;132972.22;107932
OBAT;LODIA TABLET;pcs;pcs;0;;;;1-0758;;;;;;;;;;;1452;1100
OBAT;LOFIBRA 250 MG KAPSUL;pcs;pcs;0;;;;1-0759;;;;;;;;;;;11946;1
OBAT;LONGCEF 500 MG KAPSUL;pcs;pcs;0;;;;1-0760;;;;;;;;;;;14113.44;1
OBAT;LONGCEF DRY SYRUP;pcs;pcs;0;;;;1-0761;;;;;;;;;;;62726.4;1
OBAT;LONGCEF F DS;pcs;pcs;0;;;;1-0762;;;;;;;;;;;107738.4;1
OBAT;LORATADINE 10MG;pcs;pcs;0;;;;1-0763;;;;;;;;;;;396;300
OBAT;LOUMATULLE;pcs;pcs;0;;;;1-0764;;;;;;;;;;;18876;14300
OBAT;LUMINAL TABLET 30 MG;pcs;pcs;0;;;;1-0765;;;;;;;;;;;39.6;1
OBAT;LYNORAL TABLET;pcs;pcs;0;;;;1-0766;;;;;;;;;;;2097.48;1
OBAT;LYSAGOR TABLET;pcs;pcs;0;;;;1-0767;;;;;;;;;;;1411.08;1
OBAT;MADECASSOL TABLET;pcs;pcs;0;;;;1-0768;;;;;;;;;;;12577.95;9528.75
OBAT;MADLEXIN 500 MG KAPSUL;pcs;pcs;0;;;;1-0769;;;;;;;;;;;11763.84;1
OBAT;MALTIRON PLUS TABLET;pcs;pcs;0;;;;1-0770;;;;;;;;;;;1198.56;1
OBAT;MALTOFER CHEW TAB;pcs;pcs;0;;;;1-0771;;;;;;;;;;;3847.8;2915
OBAT;"MAMY POKO NEWBORN 4""";pcs;pcs;0;;;;1-0772;;;;;;;;;;;10896.6;1
OBAT;"MAMY POKO PANTS STANDARD XL  3""";pcs;pcs;0;;;;1-0773;;;;;;;;;;;10090.08;1
OBAT;"MAMY POKO S  4""";pcs;pcs;0;;;;1-0774;;;;;;;;;;;10896.6;1
OBAT;MANITOL;pcs;pcs;0;;;;1-0775;;;;;;;;;;;127380;96500
OBAT;MARTOS - 10;pcs;pcs;0;;;;1-0776;;;;;;;;;;;102828;1
ALAT KESEHATAN;MAS SURGICAL MASK TIE KARET;pcs;pcs;0;;;;1-0777;;;;;;;;;;;537.24;429
ALAT KESEHATAN;MAS SURGICAL MASK TIE TALI;pcs;pcs;0;;;;1-0778;;;;;;;;;;;537.24;451
ALAT KESEHATAN;MASKER O2 ANAK;pcs;pcs;0;;;;1-0779;;;;;;;;;;;16560;8470
ALAT KESEHATAN;MASKER O2 BAYI;pcs;pcs;0;;;;1-0780;;;;;;;;;;;27551.7;20872.5
ALAT KESEHATAN;MASKER O2 DEWASA;pcs;pcs;0;;;;1-0781;;;;;;;;;;;16560.06;12545.5
OBAT;MAXMOR DRY SYRUP;pcs;pcs;0;;;;1-0782;;;;;;;;;;;130825.2;1
ALAT KESEHATAN;MAXTER EXAM GLOVE PEP L;pcs;pcs;0;;;;1-0783;;;;;;;;;;;726;1
ALAT KESEHATAN;MAXTER EXAM GLOVE PEP M;pcs;pcs;0;;;;1-0784;;;;;;;;;;;755.04;572
ALAT KESEHATAN;MAXTER EXAM GLOVE PEP S;pcs;pcs;0;;;;1-0785;;;;;;;;;;;871.2;572
ALAT KESEHATAN;MAXTER EXAM GLOVE PEP XSMALL;pcs;pcs;0;;;;1-0786;;;;;;;;;;;871.2;550
OBAT;MAXTER STERIL 7;pcs;pcs;0;;;;1-0787;;;;;;;;;;;5445;5000
ALAT KESEHATAN;MAXTER STERIL 7,5;pcs;pcs;0;;;;1-0788;;;;;;;;;;;5445;5000
OBAT;MECOBALAMIN 500 CAP;pcs;pcs;0;;;;1-0789;;;;;;;;;;;987.36;1
OBAT;MEDIAMER B6 TABLET;pcs;pcs;0;;;;1-0790;;;;;;;;;;;3198.36;1
ALAT KESEHATAN;MEDISATE BLOOD GLUCOSE;pcs;pcs;0;;;;1-0791;;;;;;;;;;;9789.12;1
ALAT KESEHATAN;MEDISATE LANCET;pcs;pcs;0;;;;1-0792;;;;;;;;;;;2327.16;1
OBAT;MEDISOFT COTTON BALL;pcs;pcs;0;;;;1-0793;;;;;;;;;;;12012;1
OBAT;MEDIXON INJ 125MG;pcs;pcs;0;;;;1-0794;;;;;;;;;;;132432.3;102900
OBAT;MEFINAL 250 MG KAPSUL;pcs;pcs;0;;;;1-0795;;;;;;;;;;;885.72;671
OBAT;MEFINAL 500 MG KAPLET;pcs;pcs;0;;;;1-0796;;;;;;;;;;;1938.42;1468.5
OBAT;MEFINTER 500;pcs;pcs;0;;;;1-0797;;;;;;;;;;;1976.04;1
OBAT;MEIXAM 1 G INJEKSI;pcs;pcs;0;;;;1-0798;;;;;;;;;;;38332.8;29040
OBAT;MEIXAM 500 MG KAPSUL;pcs;pcs;0;;;;1-0799;;;;;;;;;;;4808.3;3642.65
OBAT;MELOXICAM 15 MG;pcs;pcs;0;;;;1-0800;;;;;;;;;;;1320;1000
OBAT;MELOXICAM 7,5 MG;pcs;pcs;0;;;;1-0801;;;;;;;;;;;924;700
OBAT;MERCOTIN DROPS 20 ML;pcs;pcs;0;;;;1-0802;;;;;;;;;;;114877.88;87028.7
OBAT;MER-FLAM 50 MG TABLET;pcs;pcs;0;;;;1-0803;;;;;;;;;;;2352.24;1
OBAT;MEROFEN 0,5 INJEKSI;pcs;pcs;0;;;;1-0804;;;;;;;;;;;376358.4;264000
OBAT;MEROPENEM 1GR INJ;pcs;pcs;0;;;;1-0805;;;;;;;;;;;130680;225500
OBAT;MEROSAN 0,5 G INJEKSI;pcs;pcs;0;;;;1-0806;;;;;;;;;;;390442;333700
OBAT;MEROSAN 1G INJ;pcs;pcs;0;;;;1-0807;;;;;;;;;;;762300;651200
OBAT;MERTIGO TABLET;pcs;pcs;0;;;;1-0808;;;;;;;;;;;4936.8;3740
OBAT;METFORMIN 500 XR;pcs;pcs;0;;;;1-0809;;;;;;;;;;;1254;1000
OBAT;METFORMIN TABLET;pcs;pcs;0;;;;1-0810;;;;;;;;;;;257.4;195
OBAT;METFORMIN TABLET 850MG;pcs;pcs;0;;;;1-0811;;;;;;;;;;;566.28;429
OBAT;METHERGIN INJEKSI;pcs;pcs;0;;;;1-0812;;;;;;;;;;;12753.84;1
OBAT;METHERGIN TABLET;pcs;pcs;0;;;;1-0813;;;;;;;;;;;4572.48;1
OBAT;METHYL PREDNISOLON 16 MG;pcs;pcs;0;;;;1-0814;;;;;;;;;;;1320;1000
OBAT;METHYL PREDNISOLON 4 MG TAB;pcs;pcs;0;;;;1-0815;;;;;;;;;;;639.69;484.61
OBAT;METHYL PREDNISOLON INJ 125MG;pcs;pcs;0;;;;1-0816;;;;;;;;;;;46827;15120
OBAT;METRONIDAZOLE 500 MG TABLET;pcs;pcs;0;;;;1-0817;;;;;;;;;;;435;200
OBAT;METRONIDAZOLE INFUS;pcs;pcs;0;;;;1-0818;;;;;;;;;;;16500;44000
OBAT;MEXTRIL SYR;pcs;pcs;0;;;;1-0819;;;;;;;;;;;12804;1
OBAT;MEYLON 8,4% INJEKSI;pcs;pcs;0;;;;1-0820;;;;;;;;;;;20037.6;15180
OBAT;MEZATRIN 250 MG KAPSUL;pcs;pcs;0;;;;1-0821;;;;;;;;;;;21024.96;15928
OBAT;MGSO4 20% INJEKSI;pcs;pcs;0;;;;1-0822;;;;;;;;;;;13213.2;10010
OBAT;MGSO4 40% INJEKSI;pcs;pcs;0;;;;1-0823;;;;;;;;;;;13213.2;10010
OBAT;MICARDIS 40 MG;pcs;pcs;0;;;;1-0824;;;;;;;;;;;14478.75;11250
OBAT;MICARDIS 80 MG;pcs;pcs;0;;;;1-0825;;;;;;;;;;;9266;14500
OBAT;MICONAZOLE 2% KRIM 10 G;pcs;pcs;0;;;;1-0826;;;;;;;;;;;6807.24;5157
OBAT;MICROGYNON 28 LIBI TABLET;pcs;pcs;0;;;;1-0827;;;;;;;;;;;19390.01;14689.4
OBAT;MICROLAX ENEMA 5 ML;pcs;pcs;0;;;;1-0828;;;;;;;;;;;27225;20625
ALAT KESEHATAN;MICROMIST TANPA MASKER;pcs;pcs;0;;;;1-0829;;;;;;;;;;;79580.16;1
OBAT;MIKASIN 250 MG INJEKSI;pcs;pcs;0;;;;1-0830;;;;;;;;;;;145200;117750
OBAT;MIKASIN 500MG INJEKSI;pcs;pcs;0;;;;1-0831;;;;;;;;;;;252120;1
ALAT KESEHATAN;MIKROMIZE DEWASA;pcs;pcs;0;;;;1-0832;;;;;;;;;;;21083.04;15972
OBAT;MIKROMIZE PAEDIATRIK COSMO;pcs;pcs;0;;;;1-0833;;;;;;;;;;;21562.2;1
ALAT KESEHATAN;MIKROMIZE PEDIATRIK;pcs;pcs;0;;;;1-0834;;;;;;;;;;;21083.04;15972
OBAT;MIKROZID 1 L;pcs;pcs;0;;;;1-0835;;;;;;;;;;;271524;1
OBAT;MIKROZID LIQUID 5 L;pcs;pcs;0;;;;1-0836;;;;;;;;;;;1372140;1
OBAT;MILMOR TABLET;pcs;pcs;0;;;;1-0837;;;;;;;;;;;3685.44;1
OBAT;MILOZ 5 MG INJEKSI;pcs;pcs;0;;;;1-0838;;;;;;;;;;;29040;22000
OBAT;MINYAK KAYU PUTIH KONICARE 125 ML;pcs;pcs;0;;;;1-0839;;;;;;;;;;;43124.4;1
OBAT;MINYAK KAYU PUTIH KONICARE 60 ML;pcs;pcs;0;;;;1-0840;;;;;;;;;;;23086.8;17490
OBAT;MINYAK KAYU PUTIH LANG 120ML;pcs;pcs;0;;;;1-0841;;;;;;;;;;;38356.03;29057.6
OBAT;MINYAK KAYU PUTIH LANG 30ML;pcs;pcs;0;;;;1-0842;;;;;;;;;;;8886.24;1
OBAT;MINYAK KAYU PUTIH LANG 60ML;pcs;pcs;0;;;;1-0843;;;;;;;;;;;23958;18150
OBAT;MINYAK TELON GAJAH 120ML;pcs;pcs;0;;;;1-0844;;;;;;;;;;;32560.44;24667
OBAT;MINYAK TELON GAJAH 30ML;pcs;pcs;0;;;;1-0845;;;;;;;;;;;7369.56;1
OBAT;MINYAK TELON GAJAH 60ML;pcs;pcs;0;;;;1-0846;;;;;;;;;;;13639.56;1
OBAT;MINYAK TELON KONICARE 125ML;pcs;pcs;0;;;;1-0847;;;;;;;;;;;45287.88;1
OBAT;MINYAK TELON KONICARE 30ML;pcs;pcs;0;;;;1-0848;;;;;;;;;;;13407.24;1
OBAT;MINYAK TELON KONICARE 60ML;pcs;pcs;0;;;;1-0849;;;;;;;;;;;23086.8;17490
OBAT;MINYAK TELON LANG 100ML;pcs;pcs;0;;;;1-0850;;;;;;;;;;;27708.12;20991
OBAT;MINYAK TELON LANG 60ML;pcs;pcs;0;;;;1-0851;;;;;;;;;;;19843.55;15033
OBAT;MOLAGIT;pcs;pcs;0;;;;1-0852;;;;;;;;;;;792;600
OBAT;MOLOCO B12 TABLET;pcs;pcs;0;;;;1-0853;;;;;;;;;;;4779.72;1
OBAT;MONELL DROP;pcs;pcs;0;;;;1-0854;;;;;;;;;;;61710;46750
OBAT;MONELL SYRUP 60 ML;pcs;pcs;0;;;;1-0855;;;;;;;;;;;62726.4;1
ALAT KESEHATAN;MONOPLUS 0 HR 48 VIOLET 150CM;pcs;pcs;0;;;;1-0856;;;;;;;;;;;304615.08;1
ALAT KESEHATAN;MONOSYN 1 HR 48 VIOLET 90 CM;pcs;pcs;0;;;;1-0857;;;;;;;;;;;166269.84;1
OBAT;MORFIN INJEKSI;pcs;pcs;0;;;;1-0858;;;;;;;;;;;44945;30930.13
OBAT;MORINAGA BMT P-HP 400 G;pcs;pcs;0;;;;1-0859;;;;;;;;;;;161680.2;144100
OBAT;MORINAGA BMT PLATINUM 400 G;pcs;pcs;0;;;;1-0860;;;;;;;;;;;145860.22;130000.2
OBAT;MORINAGA BMT REGULER 200 GRAM;pcs;pcs;0;;;;1-0861;;;;;;;;;;;46220.79;41195
OBAT;MORINAGA BMT REGULER 400 G;pcs;pcs;0;;;;1-0862;;;;;;;;;;;90180.75;1
OBAT;MORINAGA BMT SOYA 300G;pcs;pcs;0;;;;1-0863;;;;;;;;;;;95897.34;85470
OBAT;MORINAGA CHIL KID P-HP 400 G;pcs;pcs;0;;;;1-0864;;;;;;;;;;;144173.63;1
OBAT;MORINAGA CHIL MIL P-HP 400 G;pcs;pcs;0;;;;1-0865;;;;;;;;;;;156002.88;139040
OBAT;MORINAGA CHIL MIL SOYA 300 G;pcs;pcs;0;;;;1-0866;;;;;;;;;;;93614.07;83435
OBAT;MORINAGA NL 33 350 G;pcs;pcs;0;;;;1-0867;;;;;;;;;;;96267.6;85800
OBAT;MORINAGA P-HP 800 G;pcs;pcs;0;;;;1-0868;;;;;;;;;;;157745.35;1
OBAT;MST;pcs;pcs;0;;;;1-0869;;;;;;;;;;;22888.8;1
OBAT;MTX TABLET (EBEWE);pcs;pcs;0;;;;1-0870;;;;;;;;;;;3300;1
OBAT;MUCOHEXIN TABLET;pcs;pcs;0;;;;1-0871;;;;;;;;;;;653.4;495
OBAT;MUCOPECT 30 MG TABLET;pcs;pcs;0;;;;1-0872;;;;;;;;;;;4486;3900
OBAT;MUCOPECT DROP 20 ML;pcs;pcs;0;;;;1-0873;;;;;;;;;;;93840.12;71091
OBAT;MUCOPECT SYRUP PEDIATRIC 60 ML;pcs;pcs;0;;;;1-0874;;;;;;;;;;;68098;62700
OBAT;MUCOSTA TABLET;pcs;pcs;0;;;;1-0875;;;;;;;;;;;6567;1
ALAT KESEHATAN;MUKUS EXTRACTOR JMS;pcs;pcs;0;;;;1-0876;;;;;;;;;;;56628;42900
OBAT;MYCORAL CRM 5G;pcs;pcs;0;;;;1-0877;;;;;;;;;;;13464;1
OBAT;MYCOSTATIN ORAL SUSPENSION 12 ML;pcs;pcs;0;;;;1-0878;;;;;;;;;;;71544;1
OBAT;MYCO-Z OINTMENT 10 G;pcs;pcs;0;;;;1-0879;;;;;;;;;;;103092;78100
OBAT;MYLANTA LIQUID 150 ML;pcs;pcs;0;;;;1-0880;;;;;;;;;;;47962.19;36334.99
OBAT;MYLANTA LIQUID 50 ML;pcs;pcs;0;;;;1-0881;;;;;;;;;;;16484.15;12487.99
OBAT;MYLANTA TABLET;pcs;pcs;0;;;;1-0882;;;;;;;;;;;845.87;640.81
OBAT;N-ACE KAPSUL;pcs;pcs;0;;;;1-0883;;;;;;;;;;;2904;2200
OBAT;NARFOZ 4 MG TABLET;pcs;pcs;0;;;;1-0884;;;;;;;;;;;20386.08;1
ALAT KESEHATAN;NASAL CANNULA ADULT;pcs;pcs;0;;;;1-0885;;;;;;;;;;;7187.4;5445
ALAT KESEHATAN;NASAL CANNULA NEONATUS;pcs;pcs;0;;;;1-0886;;;;;;;;;;;7666.56;5808
ALAT KESEHATAN;NASAL CANNULA PAEDIATRIK;pcs;pcs;0;;;;1-0887;;;;;;;;;;;11180.4;8470
OBAT;NASONEX SPRAY HIDUNG;pcs;pcs;0;;;;1-0888;;;;;;;;;;;281150.76;212993
OBAT;NATRIUM DIKLOFENAK 25MG TABLET;pcs;pcs;0;;;;1-0889;;;;;;;;;;;330;1
OBAT;NATRIUM DIKLOFENAK 50 MG;pcs;pcs;0;;;;1-0890;;;;;;;;;;;465;301
OBAT;NATTO 10 KAPLET;pcs;pcs;0;;;;1-0891;;;;;;;;;;;11979;9650
OBAT;NEBACENTINE POWDER;pcs;pcs;0;;;;1-0892;;;;;;;;;;;28646.64;1
OBAT;NECIBLOK 200ML;pcs;pcs;0;;;;1-0893;;;;;;;;;;;119064;90200
OBAT;NECIBLOK SUSPENSI 100 ML;pcs;pcs;0;;;;1-0894;;;;;;;;;;;87120;66000
ALAT KESEHATAN;NELATON CHATETER NO 20;pcs;pcs;0;;;;1-0895;;;;;;;;;;;9240;1
OBAT;NEO K INJEKSI;pcs;pcs;0;;;;1-0896;;;;;;;;;;;18004;13640
OBAT;NEO KAOLANA SYRUP 120 ML;pcs;pcs;0;;;;1-0897;;;;;;;;;;;17133.6;12980
OBAT;NEOCATE LCP;pcs;pcs;0;;;;1-0898;;;;;;;;;;;375870;298987.7
ALAT KESEHATAN;NEOFLON BD 24;pcs;pcs;0;;;;1-0899;;;;;;;;;;;45084.6;34155
OBAT;NEPHROLIT KAPSUL;pcs;pcs;0;;;;1-0900;;;;;;;;;;;861.96;1
OBAT;NEURALGIN RX TABLET;pcs;pcs;0;;;;1-0901;;;;;;;;;;;1089;825
OBAT;NEUROBION 1000 TABLET;pcs;pcs;0;;;;1-0902;;;;;;;;;;;1810;9900
OBAT;NEURODEX TAB;pcs;pcs;0;;;;1-0903;;;;;;;;;;;798.6;605
OBAT;NEUROSANBE 5000 TABLET;pcs;pcs;0;;;;1-0904;;;;;;;;;;;3113.88;1
OBAT;NEUROSANBE INJEKSI;pcs;pcs;0;;;;1-0905;;;;;;;;;;;7942.44;6017
OBAT;NEUROSANBE PLUS TABLET;pcs;pcs;0;;;;1-0906;;;;;;;;;;;1640.76;1243
OBAT;NEUROSANBE TABLET;pcs;pcs;0;;;;1-0907;;;;;;;;;;;1735.14;1314.5
OBAT;NEW DIATABS TABLET;pcs;pcs;0;;;;1-0908;;;;;;;;;;;735.44;557.15
OBAT;NEXIUM 20MG TABLET;pcs;pcs;0;;;;1-0909;;;;;;;;;;;21912;1
OBAT;NIFEDIPIN 10 MG TABLET;pcs;pcs;0;;;;1-0910;;;;;;;;;;;283;195
ALAT KESEHATAN;NIFUDIAR SYRUP;pcs;pcs;0;;;;1-0911;;;;;;;;;;;50820;1
OBAT;NIFUDIAR SYRUP;pcs;pcs;0;;;;1-0912;;;;;;;;;;;55956.12;1
OBAT;NIFURAL SYRUP 60 ML;pcs;pcs;0;;;;1-0913;;;;;;;;;;;87555.6;66330
OBAT;NICARDIPINE INJEKSI;pcs;pcs;0;;;;1-0914;;;;;;;;;;;188760;143000
OBAT;NIPE DROP 15 ML;pcs;pcs;0;;;;1-0915;;;;;;;;;;;88717.2;67210
OBAT;NIPE SYRUP 100 ML;pcs;pcs;0;;;;1-0916;;;;;;;;;;;91621.2;69410
OBAT;NITROKAF RETARD KAPS;pcs;pcs;0;;;;1-0917;;;;;;;;;;;3354.12;1
OBAT;NIXAVEN SYRUP 30 ML;pcs;pcs;0;;;;1-0918;;;;;;;;;;;108900;82500
OBAT;NOKOBA INJ;pcs;pcs;0;;;;1-0919;;;;;;;;;;;134508;121000
OBAT;NONFLAMIN KAPSUL;pcs;pcs;0;;;;1-0920;;;;;;;;;;;6097;4276.6
OBAT;NORELUT 5 MG TABLET;pcs;pcs;0;;;;1-0921;;;;;;;;;;;6534;4950
OBAT;NORIT TAB '40;pcs;pcs;0;;;;1-0922;;;;;;;;;;;20328;15400
OBAT;NORMOTIL TAB;pcs;pcs;0;;;;1-0923;;;;;;;;;;;1363;1600
OBAT;NOROID KRIM;pcs;pcs;0;;;;1-0924;;;;;;;;;;;138520.8;1
OBAT;NOTRIXUM INJEKSI;pcs;pcs;0;;;;1-0925;;;;;;;;;;;65340;49500
ALAT KESEHATAN;NOVA T;pcs;pcs;0;;;;1-0926;;;;;;;;;;;419700.6;317955
OBAT;NOVALGIN INJEKSI;pcs;pcs;0;;;;1-0927;;;;;;;;;;;15904.92;12049.18
OBAT;NOVALGIN KAPLET 500 MG;pcs;pcs;0;;;;1-0928;;;;;;;;;;;2066.47;1565.51
OBAT;NOVALGIN SYRUP;pcs;pcs;0;;;;1-0929;;;;;;;;;;;46332;1
OBAT;NOVOMIX 30 FLEXPEN;pcs;pcs;0;;;;1-0930;;;;;;;;;;;156816;1
OBAT;NOVORAPID FLEXPEN;pcs;pcs;0;;;;1-0931;;;;;;;;;;;218988;165900
OBAT;NOVOTWIST 32G;pcs;pcs;0;;;;1-0932;;;;;;;;;;;3366;2550
OBAT;NS 0,9% OTSUKA 500 CC;pcs;pcs;0;;;;1-0933;;;;;;;;;;;21697.24;16437.3
OBAT;NS 1000 ML  OTSUKA;pcs;pcs;0;;;;1-0934;;;;;;;;;;;26136;19800
OBAT;NS 25 ML OTSUKA;pcs;pcs;0;;;;1-0935;;;;;;;;;;;9179.54;6954.2
ALAT KESEHATAN;NS B BRAUN 500 ML;pcs;pcs;0;;;;1-0936;;;;;;;;;;;8349;6325
OBAT;NS BBRAUN 1000 ML;pcs;pcs;0;;;;1-0937;;;;;;;;;;;19602;1
OBAT;NS PYGGYBACK OTSUKA 100 CC;pcs;pcs;0;;;;1-0938;;;;;;;;;;;20037.6;15180
OBAT;NS WIDA IRIGATION 1000 ML;pcs;pcs;0;;;;1-0939;;;;;;;;;;;18975;1
OBAT;NUDRAMAG SUSPENSI;pcs;pcs;0;;;;1-0940;;;;;;;;;;;34156.32;1
OBAT;NUFAMICRON TABLET;pcs;pcs;0;;;;1-0941;;;;;;;;;;;2409;1
OBAT;NULACTA FOR MOTHER;pcs;pcs;0;;;;1-0942;;;;;;;;;;;6388.8;4840
OBAT;NULAGYL INFUS 100ML;pcs;pcs;0;;;;1-0943;;;;;;;;;;;108900;82500
ALAT KESEHATAN;NURSE CAP;pcs;pcs;0;;;;1-0944;;;;;;;;;;;682.44;517
OBAT;NURSOY GOLD S 26;pcs;pcs;0;;;;1-0945;;;;;;;;;;;181434;1
ALAT KESEHATAN;NUTRAMIGEN;pcs;pcs;0;;;;1-0946;;;;;;;;;;;289575;1
OBAT;NUTRIBABY AR 400 G;pcs;pcs;0;;;;1-0947;;;;;;;;;;;155677.5;11562.5
OBAT;NUTRIBABY HA 400 G;pcs;pcs;0;;;;1-0948;;;;;;;;;;;169292.97;1
OBAT;NUTRIBABY PEPTI JUNIOR;pcs;pcs;0;;;;1-0949;;;;;;;;;;;294963.69;39831.97
OBAT;NUTRIBABY PREMATURE;pcs;pcs;0;;;;1-0950;;;;;;;;;;;118673.27;105769.4
OBAT;NUTRIBABY ROYAL  ALLERPRE 1 400 G;pcs;pcs;0;;;;1-0951;;;;;;;;;;;152532.31;135946.8
OBAT;NUTRIBABY ROYAL ALLERPRE 2 400 G;pcs;pcs;0;;;;1-0952;;;;;;;;;;;152423.7;135850
OBAT;NUTRIBABY ROYAL COMFORT;pcs;pcs;0;;;;1-0953;;;;;;;;;;;155677.5;138750
OBAT;NUTRIBABY SOYA 1;pcs;pcs;0;;;;1-0954;;;;;;;;;;;124878;98900
OBAT;NUTRIBABY SOYA 2;pcs;pcs;0;;;;1-0955;;;;;;;;;;;124878.6;1
OBAT;NUTRIBREAST KAPSUL;pcs;pcs;0;;;;1-0956;;;;;;;;;;;12855.03;8459
OBAT;NUTRIFLAM 260 MG KAPSUL;pcs;pcs;0;;;;1-0957;;;;;;;;;;;7762.92;1
OBAT;NUTRILON SOYA 3;pcs;pcs;0;;;;1-0958;;;;;;;;;;;106632.64;95038
OBAT;NUTRILON SOYA 4;pcs;pcs;0;;;;1-0959;;;;;;;;;;;103401.28;92158
OBAT;NUTRIMA ROYAL;pcs;pcs;0;;;;1-0960;;;;;;;;;;;95858;90090
OBAT;NUTRIMAMA 1 (BLISTER);pcs;pcs;0;;;;1-0961;;;;;;;;;;;7846.08;1
OBAT;NUTRIMAMA 1 (BOTOL);pcs;pcs;0;;;;1-0962;;;;;;;;;;;13435.83;8539.67
OBAT;NUTRIMAMA 2 (BLISTER);pcs;pcs;0;;;;1-0963;;;;;;;;;;;9889.44;1
OBAT;NUTRIMAMA 2 (BOTOL);pcs;pcs;0;;;;1-0964;;;;;;;;;;;13435.75;8539.67
OBAT;NUTRIMAMA 3 (BLISTER);pcs;pcs;0;;;;1-0965;;;;;;;;;;;7846.08;1
OBAT;NUTRIMAMA 3 (BOTOL);pcs;pcs;0;;;;1-0966;;;;;;;;;;;13435.84;10178.67
OBAT;NUTRISURE GOLD S-26;pcs;pcs;0;;;;1-0967;;;;;;;;;;;184668;1
OBAT;NUZYM TABLET;pcs;pcs;0;;;;1-0968;;;;;;;;;;;9438;7150
OBAT;NYMIKO SUSPENSI DROP;pcs;pcs;0;;;;1-0969;;;;;;;;;;;47770.8;36190
OBAT;NYSTATIN 500.000 IU TABLET;pcs;pcs;0;;;;1-0970;;;;;;;;;;;1697.72;1286.15
OBAT;O.B.H. NELLCO SPESIAL 55 ML;pcs;pcs;0;;;;1-0971;;;;;;;;;;;22088.88;16734
OBAT;OBH COMBI 60ML;pcs;pcs;0;;;;1-0972;;;;;;;;;;;14110.8;1
OBAT;OBH SYRUP;pcs;pcs;0;;;;1-0973;;;;;;;;;;;6741.23;5106.99
OBAT;OBP SYRUP;pcs;pcs;0;;;;1-0974;;;;;;;;;;;7260;5500
OBAT;OCTALBIN 25% 100 ML;pcs;pcs;0;;;;1-0975;;;;;;;;;;;2613600;1
OBAT;OCUSON TABLET;pcs;pcs;0;;;;1-0976;;;;;;;;;;;1836.78;1391.5
OBAT;ODR SYRUP 60 ML;pcs;pcs;0;;;;1-0977;;;;;;;;;;;135828;1
OBAT;OMEPRAZOLE 20 MG KAPSUL;pcs;pcs;0;;;;1-0978;;;;;;;;;;;550.09;416.73
ALAT KESEHATAN;OMRON NEBULIZER;pcs;pcs;0;;;;1-0979;;;;;;;;;;;862620;1
OBAT;OMZ INJ 40 MG;pcs;pcs;0;;;;1-0980;;;;;;;;;;;172788;130900
OBAT;ONDANE SYRUP;pcs;pcs;0;;;;1-0981;;;;;;;;;;;125452;27500
OBAT;ONDANSENTRON 8 MG TABLET;pcs;pcs;0;;;;1-0982;;;;;;;;;;;3606;2800
OBAT;ONDANSENTRON INJEKSI;pcs;pcs;0;;;;1-0983;;;;;;;;;;;2541;6600
ALAT KESEHATAN;ONDANSENTRON TABLET 4MG;pcs;pcs;0;;;;1-0984;;;;;;;;;;;1254;707.33
ALAT KESEHATAN;OPICEF DS 60ML;pcs;pcs;0;;;;1-0985;;;;;;;;;;;65340;49500
OBAT;OPIGRAN INJ;pcs;pcs;0;;;;1-0986;;;;;;;;;;;74052;61700
OBAT;OPILAX SYRUP 60 ML;pcs;pcs;0;;;;1-0987;;;;;;;;;;;79860;60500
ALAT KESEHATAN;OPSITE 9,5 X 8,5 CM;pcs;pcs;0;;;;1-0988;;;;;;;;;;;25874.64;1
ALAT KESEHATAN;OPSITE POST-OP 25X10 CM;pcs;pcs;0;;;;1-0989;;;;;;;;;;;55176;41800
ALAT KESEHATAN;OPSITE POST-OP 5X6,5;pcs;pcs;0;;;;1-0990;;;;;;;;;;;12859.44;1
OBAT;ORALIT SACHET;pcs;pcs;0;;;;1-0991;;;;;;;;;;;582.12;1
OBAT;OREZINC SACHET;pcs;pcs;0;;;;1-0992;;;;;;;;;;;1568.16;1
ALAT KESEHATAN;OREZINC SYR;pcs;pcs;0;;;;1-0993;;;;;;;;;;;46771.82;35433.2
OBAT;OSFIT DHA KAPSUL;pcs;pcs;0;;;;1-0994;;;;;;;;;;;6534;4950
OBAT;OSTEOCARE SYRUP;pcs;pcs;0;;;;1-0995;;;;;;;;;;;47916;1
OBAT;OSTEOKOM FORTE SACHET;pcs;pcs;0;;;;1-0996;;;;;;;;;;;20725;6600
OBAT;OSTEOR PLUS KAPLET;pcs;pcs;0;;;;1-0997;;;;;;;;;;;9408;7700
OBAT;OTILON TETES TELINGA;pcs;pcs;0;;;;1-0998;;;;;;;;;;;48220.92;1
OBAT;OTOPAIN EAR DROPS 8 ML;pcs;pcs;0;;;;1-0999;;;;;;;;;;;105270;79750
OBAT;OTTOPAN DROPS 15ML;pcs;pcs;0;;;;1-1000;;;;;;;;;;;29040;22000
OBAT;OTTOPAN SYR;pcs;pcs;0;;;;1-1001;;;;;;;;;;;29040;22000
OBAT;OXOFERIN SOL 30 ML;pcs;pcs;0;;;;1-1002;;;;;;;;;;;101640;77000
OBAT;OZEN 10 MG TABLET;pcs;pcs;0;;;;1-1003;;;;;;;;;;;6692.4;5200
OBAT;OZEN DROP 12 ML;pcs;pcs;0;;;;1-1004;;;;;;;;;;;78649.56;1
OBAT;OZEN SYRUP 60 ML;pcs;pcs;0;;;;1-1005;;;;;;;;;;;70567.2;1
OBAT;PAMOL DROPS;pcs;pcs;0;;;;1-1006;;;;;;;;;;;47916;36300
OBAT;PAMOL SYRUP;pcs;pcs;0;;;;1-1007;;;;;;;;;;;22738.32;1
OBAT;PAN-ENTERAL FOIL;pcs;pcs;0;;;;1-1008;;;;;;;;;;;17563.92;1
OBAT;PANTOPUMP INJEKSI 40 MG;pcs;pcs;0;;;;1-1009;;;;;;;;;;;145200;1
OBAT;PANZOL INJEKSI;pcs;pcs;0;;;;1-1010;;;;;;;;;;;200085.6;1
OBAT;PAPAVERIN TABLET;pcs;pcs;0;;;;1-1011;;;;;;;;;;;264;1
