OBAT;RECO EAR DROP;pcs;pcs;0;;;;1-1594;;;;;;;;;;;11880;9000
ALAT KESEHATAN;ENDO TRACHEAL TUBE 2,5 RUSCH CUFF;pcs;pcs;0;;;;1-1595;;;;;;;;;;;116160;88000
ALAT KESEHATAN;TEGADERM 4,4 X 4,4;pcs;pcs;0;;;;1-1596;;;;;;;;;;;9207;7000
OBAT;INDOP INJEKSI;pcs;pcs;0;;;;1-1597;;;;;;;;;;;52668;39900
OBAT;LINCOMYCIN 500 MG;pcs;pcs;0;;;;1-1598;;;;;;;;;;;1202;145.73
OBAT;STROCAIN-P;pcs;pcs;0;;;;1-1599;;;;;;;;;;;3036;2300
ALAT KESEHATAN;MESON WOUND DRESING 10 X 25;pcs;pcs;0;;;;1-1600;;;;;;;;;;;34848;26400
ALAT KESEHATAN;ANVOMER B6;pcs;pcs;0;;;;1-1601;;;;;;;;;;;3828;2900
OBAT;NUTRILON BABY ROYAL;pcs;pcs;0;;;;1-1602;;;;;;;;;;;116050;1
OBAT;TENSI VASK 5 MG;pcs;pcs;0;;;;1-1603;;;;;;;;;;;7854;5950
ALAT KESEHATAN;URINE COLLECTOR;pcs;pcs;0;;;;1-1604;;;;;;;;;;;5895.12;4466
OBAT;PITOGIN S INJ;pcs;pcs;0;;;;1-1605;;;;;;;;;;;7623;7700
OBAT;RECO EYE DROP;pcs;pcs;0;;;;1-1606;;;;;;;;;;;11880.26;9000.2
ALAT KESEHATAN;TEGADERM 6 x 7;pcs;pcs;0;;;;1-1607;;;;;;;;;;;9240;7000
OBAT;HIBICET 5 LITER;pcs;pcs;0;;;;1-1608;;;;;;;;;;;1234200;935000
OBAT;STARCEF TAB 100;pcs;pcs;0;;;;1-1609;;;;;;;;;;;26862;20350
ALAT KESEHATAN;BLADE MESS  22  ONEMED;pcs;pcs;0;;;;1-1610;;;;;;;;;;;6600;5000
ALAT KESEHATAN;DERMAFIX-S 6 x 8;pcs;pcs;0;;;;1-1611;;;;;;;;;;;0;1
ALAT KESEHATAN;CATGUT CHROME 2/0 SELLA;pcs;pcs;0;;;;1-1612;;;;;;;;;;;17160;13000
ALAT KESEHATAN;POUCHES FLAT, 15 CM/S00M;pcs;pcs;0;;;;1-1613;;;;;;;;;;;1967460;1
OBAT;ONE SCRUB 500 ml;pcs;pcs;0;;;;1-1614;;;;;;;;;;;90750;68750
OBAT;DECOLGEN TAB;pcs;pcs;0;;;;1-1615;;;;;;;;;;;594;450
OBAT;PURE KIDS;pcs;pcs;0;;;;1-1616;;;;;;;;;;;69300;52500
OBAT;SEBAMED BABY KRIM 50 GR;pcs;pcs;0;;;;1-1617;;;;;;;;;;;85140;64500
OBAT;SEBAMED BABY LIQUID SOAP;pcs;pcs;0;;;;1-1618;;;;;;;;;;;164868;124900
OBAT;VAPORIN KAPSUL;pcs;pcs;0;;;;1-1619;;;;;;;;;;;7986;6050
ALAT KESEHATAN;FEEDING TUBE FR 5  10 CM;pcs;pcs;0;;;;1-1620;;;;;;;;;;;19800;1
ALAT KESEHATAN;FOLLEY CATHATER 18 ONE MED;pcs;pcs;0;;;;1-1621;;;;;;;;;;;18150;13750
ALAT KESEHATAN;IUD ANDALAN;pcs;pcs;0;;;;1-1622;;;;;;;;;;;132000;30000
OBAT;GARGARISMAKAN 200ML;pcs;pcs;0;;;;1-1623;;;;;;;;;;;29700;22500
OBAT;KDN2 WIDA;pcs;pcs;0;;;;1-1624;;;;;;;;;;;21562.2;16335
OBAT;HEMOROID SUPP RECTAL;pcs;pcs;0;;;;1-1625;;;;;;;;;;;5676;4300
ALAT KESEHATAN;SUTURE SILK 3/0 NON JARUM  ONEMED;pcs;pcs;0;;;;1-1626;;;;;;;;;;;5445;4125
OBAT;PIBAKSIN SLP;pcs;pcs;0;;;;1-1627;;;;;;;;;;;59532;45100
OBAT;KAPSUL KOSONG NO. 00;pcs;pcs;0;;;;1-1628;;;;;;;;;;;99;66
OBAT;KAPSUL KOSONG NO. 1;pcs;pcs;0;;;;1-1629;;;;;;;;;;;66;50
OBAT;KAPSUL KOSONG NO. 2;pcs;pcs;0;;;;1-1630;;;;;;;;;;;61.05;46.25
ALAT KESEHATAN;SILK 3/0  + JARUM ONEMED;pcs;pcs;0;;;;1-1631;;;;;;;;;;;7920;6000
OBAT;KENACORT A CREAM;pcs;pcs;0;;;;1-1632;;;;;;;;;;;111540;84500
ALAT KESEHATAN;FONDAZEN;pcs;pcs;0;;;;1-1633;;;;;;;;;;;396;300
OBAT;VELAZOL INFUS;pcs;pcs;0;;;;1-1634;;;;;;;;;;;103884;78700
OBAT;T B VIT SYRUP;pcs;pcs;0;;;;1-1635;;;;;;;;;;;43164;32700
OBAT;COLME BYE DROP;pcs;pcs;0;;;;1-1636;;;;;;;;;;;47916;36300
ALAT KESEHATAN;BLOODSET ONEMED;pcs;pcs;0;;;;1-1637;;;;;;;;;;;6171;5566
OBAT;TRAMAL INJ;pcs;pcs;0;;;;1-1638;;;;;;;;;;;31653.6;23980
ALAT KESEHATAN;SENSITIVE COMPACT;pcs;pcs;0;;;;1-1639;;;;;;;;;;;56100;42500
ALAT KESEHATAN;MUKUS LOTUS;pcs;pcs;0;;;;1-1640;;;;;;;;;;;10560;8000
ALAT KESEHATAN;SPUIT GLYCERIN;pcs;pcs;0;;;;1-1641;;;;;;;;;;;133980;101500
OBAT;ETERFIX iv;pcs;pcs;0;;;;1-1642;;;;;;;;;;;65340;49500
OBAT;ALBOTHYL CONCENTRATE 5 ML;pcs;pcs;0;;;;1-1643;;;;;;;;;;;31944;24200
OBAT;CHIL KID SOYA 300;pcs;pcs;0;;;;1-1644;;;;;;;;;;;97135.5;84100
ALAT KESEHATAN;ENDO TRACHEAL TUBE 2 RUSCH NON CUFF;pcs;pcs;0;;;;1-1645;;;;;;;;;;;51909;39325
OBAT;FURAMIN INJ;pcs;pcs;0;;;;1-1646;;;;;;;;;;;13794;13320
OBAT;PROBIOSTIM;pcs;pcs;0;;;;1-1647;;;;;;;;;;;15253.26;11555.5
OBAT;ACRAN TAB;pcs;pcs;0;;;;1-1648;;;;;;;;;;;7260;5500
OBAT;IMURAN 50 MG;pcs;pcs;0;;;;1-1649;;;;;;;;;;;10956;8300
OBAT;PRAXION DROP;pcs;pcs;0;;;;1-1650;;;;;;;;;;;28776;21800
OBAT;CARBON GLYCERIN;pcs;pcs;0;;;;1-1651;;;;;;;;;;;36432;27600
OBAT;TUBERCULIN PPD RT 23 SSI 1.5 ML;pcs;pcs;0;;;;1-1652;;;;;;;;;;;1019667;772475
OBAT;H2 O2 1 %;pcs;pcs;0;;;;1-1653;;;;;;;;;;;5280;4000
OBAT;ASCAVIN TAB 4 MG;pcs;pcs;0;;;;1-1654;;;;;;;;;;;7986;6050
OBAT;VALDIX TAB 80 MG;pcs;pcs;0;;;;1-1655;;;;;;;;;;;7986;6050
OBAT;INOXIN 400 MG;pcs;pcs;0;;;;1-1656;;;;;;;;;;;387.2;293.33
OBAT;LIPITOR 20 MG;pcs;pcs;0;;;;1-1657;;;;;;;;;;;25266;21600
ALAT KESEHATAN;LAMINARIA L;pcs;pcs;0;;;;1-1658;;;;;;;;;;;116160;88000
OBAT;ZIBAC 1.0 INJ;pcs;pcs;0;;;;1-1659;;;;;;;;;;;87120;66000
ALAT KESEHATAN;SAFIL 5/0 HR 17;pcs;pcs;0;;;;1-1660;;;;;;;;;;;161607.6;122430
OBAT;TALION;pcs;pcs;0;;;;1-1661;;;;;;;;;;;3795;2900
OBAT;AKLISA SR;pcs;pcs;0;;;;1-1662;;;;;;;;;;;7009.2;5310
OBAT;RL WIDA;pcs;pcs;0;;;;1-1663;;;;;;;;;;;9438;7150
OBAT;SALBRON 4 MG TABLET;pcs;pcs;0;;;;1-1664;;;;;;;;;;;373;363
ALAT KESEHATAN;BLOODSET GEA;pcs;pcs;0;;;;1-1665;;;;;;;;;;;7788;5900
OBAT;FENICOL EYE DROP;pcs;pcs;0;;;;1-1666;;;;;;;;;;;48840;37000
OBAT;FLUIMUCIL  SYRUP;pcs;pcs;0;;;;1-1667;;;;;;;;;;;75900;57500
OBAT;BISOLVON ELIXIR SYRUP 60 ML;pcs;pcs;0;;;;1-1668;;;;;;;;;;;45408;34400
OBAT;MOMILEN NURSING CREAM;pcs;pcs;0;;;;1-1669;;;;;;;;;;;29040;22000
OBAT;BISOLVON ELIXIR SYRUP 125 ML;pcs;pcs;0;;;;1-1670;;;;;;;;;;;80388;60900
OBAT;CPG BLISTER;pcs;pcs;0;;;;1-1671;;;;;;;;;;;20715;18100
OBAT;NUTRIBABY ROYAL PDF 400GR;pcs;pcs;0;;;;1-1672;;;;;;;;;;;107884.79;96154
ALAT KESEHATAN;ALPHAMED PENCIL CAUTER;pcs;pcs;0;;;;1-1673;;;;;;;;;;;145200;110000
ALAT KESEHATAN;T-SILK  1;pcs;pcs;0;;;;1-1674;;;;;;;;;;;871200;660000
OBAT;PHYSIOGEL 200 ML;pcs;pcs;0;;;;1-1675;;;;;;;;;;;255156;235500
OBAT;FULCIN 500;pcs;pcs;0;;;;1-1676;;;;;;;;;;;12804;9700
OBAT;LAPICEF DROP;pcs;pcs;0;;;;1-1677;;;;;;;;;;;75504;57200
OBAT;TRIDEX 100 24'S;pcs;pcs;0;;;;1-1678;;;;;;;;;;;31290.6;23705
OBAT;ALBUMIN BEHRING 20% 100 ML;pcs;pcs;0;;;;1-1679;;;;;;;;;;;2236080;1694000
ALAT KESEHATAN;LAMINARIA S;pcs;pcs;0;;;;1-1680;;;;;;;;;;;99000;1
OBAT;GASTRIDIN TABLET;pcs;pcs;0;;;;1-1681;;;;;;;;;;;7524;6500
OBAT;ANADEX SYRUP;pcs;pcs;0;;;;1-1682;;;;;;;;;;;34848;26400
ALAT KESEHATAN;BLOODSET AVICO;pcs;pcs;0;;;;1-1683;;;;;;;;;;;7919.21;5999.4
OBAT;NUPOVEL INJ;pcs;pcs;0;;;;1-1684;;;;;;;;;;;123420;93500
OBAT;PROBABY;pcs;pcs;0;;;;1-1685;;;;;;;;;;;8987.88;6809
OBAT;GRANON INJ 1 MG;pcs;pcs;0;;;;1-1686;;;;;;;;;;;82896;66500
OBAT;PROFILAS TAB 10;pcs;pcs;0;;;;1-1687;;;;;;;;;;;5280;4000
OBAT;FARBION;pcs;pcs;0;;;;1-1688;;;;;;;;;;;1663.2;1260
OBAT;CHOLESTAT 10 MG;pcs;pcs;0;;;;1-1689;;;;;;;;;;;6336;4800
OBAT;VERMOX TAB 500;pcs;pcs;0;;;;1-1690;;;;;;;;;;;25608;20343
OBAT;CORDARONE INJ;pcs;pcs;0;;;;1-1691;;;;;;;;;;;47981;44400
OBAT;CLOBAZAM 10 MG;pcs;pcs;0;;;;1-1692;;;;;;;;;;;1742.4;1320
OBAT;SULDOX TAB;pcs;pcs;0;;;;1-1693;;;;;;;;;;;2970;2250
OBAT;CEFILA DROP / DRY SYRUP;pcs;pcs;0;;;;1-1694;;;;;;;;;;;120516;91300
OBAT;NORESTIL TAB 5 MG;pcs;pcs;0;;;;1-1695;;;;;;;;;;;5808;4400
OBAT;ALBUMIN BIOTEST 20% 100 ML;pcs;pcs;0;;;;1-1696;;;;;;;;;;;1424940;1079500
OBAT;SURFLO 24 TERUMO;pcs;pcs;0;;;;1-1697;;;;;;;;;;;13576;15840
OBAT;VITAMIN B COMPLEK TABLET  (IPPI);pcs;pcs;0;;;;1-1698;;;;;;;;;;;108.24;82
OBAT;VITAMIN C (IPPI);pcs;pcs;0;;;;1-1699;;;;;;;;;;;108.24;82
OBAT;OSSORAL TAB;pcs;pcs;0;;;;1-1700;;;;;;;;;;;6164.4;4670
OBAT;FUNGASOL CREAM;pcs;pcs;0;;;;1-1701;;;;;;;;;;;38940;29500
ALAT KESEHATAN;TRIAMCORT A KRIM;pcs;pcs;0;;;;1-1702;;;;;;;;;;;82038;62150
OBAT;SICLIDON 100MG KAPSUL;pcs;pcs;0;;;;1-1703;;;;;;;;;;;7260;6206.66
ALAT KESEHATAN;MASKER HIJAB SENSI GLOVES;pcs;pcs;0;;;;1-1704;;;;;;;;;;;547.4;414.7
ALAT KESEHATAN;FEEDING TUBE 8/100 TERUMO;pcs;pcs;0;;;;1-1705;;;;;;;;;;;55902;42350
OBAT;NEUROBION INJEKSI;pcs;pcs;0;;;;1-1706;;;;;;;;;;;13068;9900
OBAT;RIFAMPICIN 600 MG TABLET;pcs;pcs;0;;;;1-1707;;;;;;;;;;;2376;1950
OBAT;INH 100 MG TABLET;pcs;pcs;0;;;;1-1708;;;;;;;;;;;264;200
ALAT KESEHATAN;MAYO NO. 5;pcs;pcs;0;;;;1-1709;;;;;;;;;;;34980;22500
OBAT;ALKOHOL 70 % 2 LITER;pcs;pcs;0;;;;1-1710;;;;;;;;;;;179388;135900
OBAT;BRATAMED HAND ANTISEPTIK 500 ML;pcs;pcs;0;;;;1-1711;;;;;;;;;;;57948;43900
OBAT;NEUROBION 5000 FORTE TABLET;pcs;pcs;0;;;;1-1712;;;;;;;;;;;3894;2950
OBAT;KEREN 25 MG TAB;pcs;pcs;0;;;;1-1713;;;;;;;;;;;10164;7700
OBAT;FORNEURO CAPS;pcs;pcs;0;;;;1-1714;;;;;;;;;;;8052;6100
OBAT;VALSARTAN 80 MG;pcs;pcs;0;;;;1-1715;;;;;;;;;;;6402;4850
ALAT KESEHATAN;SURFLO 22 TERUMO;pcs;pcs;0;;;;1-1716;;;;;;;;;;;11979;9075
ALAT KESEHATAN;MAYO NO. 4;pcs;pcs;0;;;;1-1717;;;;;;;;;;;143220;110000
ALAT KESEHATAN;MAYO NO. 2;pcs;pcs;0;;;;1-1718;;;;;;;;;;;34848;29500
ALAT KESEHATAN;JARUM 21 G ONEMED;pcs;pcs;0;;;;1-1719;;;;;;;;;;;270.07;204.6
OBAT;LIPOMED 20 %;pcs;pcs;0;;;;1-1720;;;;;;;;;;;192720;146000
OBAT;PHENYTOIN INJ;pcs;pcs;0;;;;1-1721;;;;;;;;;;;81312;61600
ALAT KESEHATAN;NEO GYNOXA OVULA;pcs;pcs;0;;;;1-1722;;;;;;;;;;;21780;16500
OBAT;SERETIDE 125;pcs;pcs;0;;;;1-1723;;;;;;;;;;;201300;152460
OBAT;TOMIT TAB;pcs;pcs;0;;;;1-1724;;;;;;;;;;;1122;850
OBAT;PHENOBARBITAL 30 MG;pcs;pcs;0;;;;1-1725;;;;;;;;;;;960;662
OBAT;FLADEX;pcs;pcs;0;;;;1-1726;;;;;;;;;;;9283.56;1
OBAT;TROMBOFIT;pcs;pcs;0;;;;1-1727;;;;;;;;;;;7920;6000
OBAT;SPORETIK 200 MG KAPSUL;pcs;pcs;0;;;;1-1728;;;;;;;;;;;41454.6;31405
OBAT;CARDIO ASPIRIN TAB;pcs;pcs;0;;;;1-1729;;;;;;;;;;;2046;1550
OBAT;MAYO TUBE 1 RUSCH;pcs;pcs;0;;;;1-1730;;;;;;;;;;;143220;108500
OBAT;VETERBAND;pcs;pcs;0;;;;1-1731;;;;;;;;;;;33000;20000
OBAT;N-EPI 1 MG INJ;pcs;pcs;0;;;;1-1732;;;;;;;;;;;130680;99000
ALAT KESEHATAN;TERMOMETER KULKAS DIGITAL;pcs;pcs;0;;;;1-1733;;;;;;;;;;;152460;55500
OBAT;ACTAPIN 5 MG;pcs;pcs;0;;;;1-1734;;;;;;;;;;;1320;1400
ALAT KESEHATAN;SENDOK OBAT' 10;pcs;pcs;0;;;;1-1735;;;;;;;;;;;660;300
OBAT;AMIODARON INJ;pcs;pcs;0;;;;1-1736;;;;;;;;;;;41910;31750
ALAT KESEHATAN;FOLLEY CATHETER 14 GEA;pcs;pcs;0;;;;1-1737;;;;;;;;;;;11180.4;8470
OBAT;XEVOLAC INJ;pcs;pcs;0;;;;1-1738;;;;;;;;;;;47916;36300
ALAT KESEHATAN;AUTOCLAVE TAPE 1/2 3M;pcs;pcs;0;;;;1-1739;;;;;;;;;;;205260;155500
ALAT KESEHATAN;IV CANULA 24 COSMOMED;pcs;pcs;0;;;;1-1740;;;;;;;;;;;8449.19;6400.9
OBAT;POVIDON 1 L;pcs;pcs;0;;;;1-1741;;;;;;;;;;;81457.2;87500
ALAT KESEHATAN;LEUKOPLAST 1625 H (0.5 X 5);pcs;pcs;0;;;;1-1742;;;;;;;;;;;9497.53;7195.1
OBAT;VOLTAREN 25 MG;pcs;pcs;0;;;;1-1743;;;;;;;;;;;5247;3975
ALAT KESEHATAN;SARUNG TANGAN STERIL G. COLOG;pcs;pcs;0;;;;1-1744;;;;;;;;;;;36300;27500
OBAT;VOMISTOP FT TAB;pcs;pcs;0;;;;1-1745;;;;;;;;;;;5082;3850
ALAT KESEHATAN;LYOSTYPT 5 X 8 CM;pcs;pcs;0;;;;1-1746;;;;;;;;;;;175401.6;132880
ALAT KESEHATAN;CELEMEK PLASTIK;pcs;pcs;0;;;;1-1747;;;;;;;;;;;5742;4350
OBAT;CHORAMPECORT-H KRIM;pcs;pcs;0;;;;1-1748;;;;;;;;;;;16698;12650
OBAT;CHILMIL SOYA 600;pcs;pcs;0;;;;1-1749;;;;;;;;;;;231132;175100
OBAT;LASMALIN TAB;pcs;pcs;0;;;;1-1750;;;;;;;;;;;1782;1350
ALAT KESEHATAN;CUSSON POWDER 350 BIRU;pcs;pcs;0;;;;1-1751;;;;;;;;;;;21384;16200
OBAT;NUFAPREG TABLET;pcs;pcs;0;;;;1-1752;;;;;;;;;;;6204;4700
OBAT;VOMCERAN TABLET;pcs;pcs;0;;;;1-1753;;;;;;;;;;;22713;17213.3
OBAT;ASPAR-K TAB;pcs;pcs;0;;;;1-1754;;;;;;;;;;;3564;2700
OBAT;CO AMOXICLAV DRY SYRUP;pcs;pcs;0;;;;1-1755;;;;;;;;;;;53460;40500
ALAT KESEHATAN;SOGEVA STERILIZATION FR 15 CM X 200 M;pcs;pcs;0;;;;1-1756;;;;;;;;;;;1669800;1
ALAT KESEHATAN;AMBUBAG DEWASA;pcs;pcs;0;;;;1-1757;;;;;;;;;;;455400;1
ALAT KESEHATAN;SOGEVA STERILIZATION FR 10 CM X 200 M;pcs;pcs;0;;;;1-1758;;;;;;;;;;;1161600;1
ALAT KESEHATAN;AMBUBAG BAYI;pcs;pcs;0;;;;1-1759;;;;;;;;;;;455400;1
ALAT KESEHATAN;ENDO TRACHEAL TUBE 8 RUSH CUFF;pcs;pcs;0;;;;1-1760;;;;;;;;;;;87120;66000
OBAT;INFUSAN -RL 500 ML SINGLE POT;pcs;pcs;0;;;;1-1761;;;;;;;;;;;16941.21;12834.25
ALAT KESEHATAN;CURASPONT TAMPON;pcs;pcs;0;;;;1-1762;;;;;;;;;;;97680;74000
ALAT KESEHATAN;SAR T TEBAL L;pcs;pcs;0;;;;1-1763;;;;;;;;;;;25740;19500
OBAT;LEVOCIN 500 MG TAB;pcs;pcs;0;;;;1-1764;;;;;;;;;;;0;1
OBAT;POT R 10;pcs;pcs;0;;;;1-1765;;;;;;;;;;;1320;2000
OBAT;POT R 20;pcs;pcs;0;;;;1-1766;;;;;;;;;;;1056;900
ALAT KESEHATAN;SPOON PUYER;pcs;pcs;0;;;;1-1767;;;;;;;;;;;49500;37500
OBAT;CEFXON INJ;pcs;pcs;0;;;;1-1768;;;;;;;;;;;304920;231000
ALAT KESEHATAN;S26 GOLD LBW 100 ML;pcs;pcs;0;;;;1-1769;;;;;;;;;;;57851.89;51561.4
OBAT;UTROGESTAN 100MG;pcs;pcs;0;;;;1-1770;;;;;;;;;;;17424;13200
OBAT;IMBOOST TABLET;pcs;pcs;0;;;;1-1771;;;;;;;;;;;4686;3550
OBAT;BRONKIPECT TABLET;pcs;pcs;0;;;;1-1772;;;;;;;;;;;1568.16;1188
ALAT KESEHATAN;TENSO CREPE 10 cm x 4.5 m;pcs;pcs;0;;;;1-1773;;;;;;;;;;;99264;75200
OBAT;L-BIO KAPSUL;pcs;pcs;0;;;;1-1774;;;;;;;;;;;9583.2;7260
OBAT;L-CISIN TAB 0,5;pcs;pcs;0;;;;1-1775;;;;;;;;;;;5742;4350
OBAT;122COXIRON 90 MG TABLET;pcs;pcs;0;;;;1-1776;;;;;;;;;;;9570;7250
OBAT;NUTRINIDRIK 200 ML VANILA/STRAWBERY;pcs;pcs;0;;;;1-1777;;;;;;;;;;;25710.85;22915.2
OBAT;VOSEA TAB;pcs;pcs;0;;;;1-1778;;;;;;;;;;;264;200
OBAT;NONEMI TABLET;pcs;pcs;0;;;;1-1779;;;;;;;;;;;2395.8;1815
OBAT;FLORAGYN TABLET;pcs;pcs;0;;;;1-1780;;;;;;;;;;;17424;13200
OBAT;CLINMAS 300 MG KAPSUL;pcs;pcs;0;;;;1-1781;;;;;;;;;;;10164;7700
OBAT;THEOBRON SYRUP;pcs;pcs;0;;;;1-1782;;;;;;;;;;;63888;48400
OBAT;PUMPISEL INJEKSI;pcs;pcs;0;;;;1-1783;;;;;;;;;;;204441.6;154880
OBAT;KTM 100 MG INJ;pcs;pcs;0;;;;1-1784;;;;;;;;;;;264264;1
OBAT;HIBISCRUB 500ML-BD;pcs;pcs;0;;;;1-1785;;;;;;;;;;;196020;1
ALAT KESEHATAN;JARUM SE-ME 45;pcs;pcs;0;;;;1-1786;;;;;;;;;;;10560;8000
OBAT;NEOCATE LCP MULTIPACK 2 X 400 GR;pcs;pcs;0;;;;1-1787;;;;;;;;;;;412167;183675.25
OBAT;NYSTATIN VAG;pcs;pcs;0;;;;1-1788;;;;;;;;;;;1320;1000
OBAT;KONDOM SUTRA 12'S;pcs;pcs;0;;;;1-1789;;;;;;;;;;;2255;1708.33
OBAT;METHYL PREDNISOLON 8 MG TAB;pcs;pcs;0;;;;1-1790;;;;;;;;;;;772.2;585
OBAT;TYLONIC 300 MG TABLET;pcs;pcs;0;;;;1-1791;;;;;;;;;;;4752;3600
OBAT;MEGAZING TABLET;pcs;pcs;0;;;;1-1792;;;;;;;;;;;3993;3025
OBAT;CLABAT  500 MG;pcs;pcs;0;;;;1-1793;;;;;;;;;;;22968;17400
OBAT;DOS BEDAK;pcs;pcs;0;;;;1-1794;;;;;;;;;;;1980;1500
OBAT;S26 PROMIL 1 KOTAK 400 GR;pcs;pcs;0;;;;1-1795;;;;;;;;;;;117137.92;104401
OBAT;GP-FERTIL TAB;pcs;pcs;0;;;;1-1796;;;;;;;;;;;18876;14300
OBAT;LIPOSIN SALEP;pcs;pcs;0;;;;1-1797;;;;;;;;;;;60720;46000
ALAT KESEHATAN;W-CARE AH 10 X 10  X 0,5;pcs;pcs;0;;;;1-1798;;;;;;;;;;;77220;58500
OBAT;SANBENAFIL 100 MG;pcs;pcs;0;;;;1-1799;;;;;;;;;;;124146;94050
OBAT;DRAMAMINE TABLET;pcs;pcs;0;;;;1-1800;;;;;;;;;;;2310;1750
OBAT;BUFFER FORMALIN 10% 500 ML;pcs;pcs;0;;;;1-1801;;;;;;;;;;;151470;112750
OBAT;BUFFER FORMALIN 10% 1 LITER;pcs;pcs;0;;;;1-1802;;;;;;;;;;;301620;225500
OBAT;ALOCLAIR PLUS SPRAY;pcs;pcs;0;;;;1-1803;;;;;;;;;;;135699.96;102803
ALAT KESEHATAN;SILK 3/0 BRAIDED;pcs;pcs;0;;;;1-1804;;;;;;;;;;;6600;5000
ALAT KESEHATAN;LEUKOMED T PLUS 10X25 CM;pcs;pcs;0;;;;1-1805;;;;;;;;;;;37567.6;28460.3
OBAT;CATAFLAM CAPSUL 50 MG;pcs;pcs;0;;;;1-1806;;;;;;;;;;;8000.6;6061.06
OBAT;LIVRON B PLEX TAB;pcs;pcs;0;;;;1-1807;;;;;;;;;;;396;300
ALAT KESEHATAN;SAFETY BOX 12,5 LT;pcs;pcs;0;;;;1-1808;;;;;;;;;;;29700;22500
ALAT KESEHATAN;SAFETY BOX 5 LT;pcs;pcs;0;;;;1-1809;;;;;;;;;;;21912;16600
ALAT KESEHATAN;LARYNGEAL MASK NO.3;pcs;pcs;0;;;;1-1810;;;;;;;;;;;191400;1
ALAT KESEHATAN;JARUM JAHIT STR G14;pcs;pcs;0;;;;1-1811;;;;;;;;;;;24420;18500
ALAT KESEHATAN;JARUM JAHIT STR G10;pcs;pcs;0;;;;1-1812;;;;;;;;;;;24420;18500
ALAT KESEHATAN;GELAS UKUR ASS 50 ML;pcs;pcs;0;;;;1-1813;;;;;;;;;;;74580;74400
OBAT;ALOCLAIR PLUS JELL 8 ML;pcs;pcs;0;;;;1-1814;;;;;;;;;;;123024;93200
OBAT;FLUOMIZIN TAB;pcs;pcs;0;;;;1-1815;;;;;;;;;;;46596;35300
OBAT;PANADOL EXTRA;pcs;pcs;0;;;;1-1816;;;;;;;;;;;1227.6;930
ALAT KESEHATAN;PLAIN 1 75 CM (SACHET);pcs;pcs;0;;;;1-1817;;;;;;;;;;;175092.72;132646
ALAT KESEHATAN;RECTAL TUBE NO 28;pcs;pcs;0;;;;1-1818;;;;;;;;;;;21780;16500
OBAT;NORIT;pcs;pcs;0;;;;1-1819;;;;;;;;;;;20328;1
OBAT;DERMATIC ULTRA 7,5 GR;pcs;pcs;0;;;;1-1820;;;;;;;;;;;203280;1
OBAT;NUCRAL SUSPENSI 100 ML;pcs;pcs;0;;;;1-1821;;;;;;;;;;;74052;56100
OBAT;SANSULIN LOG-G100 UI;pcs;pcs;0;;;;1-1822;;;;;;;;;;;238128;180400
ALAT KESEHATAN;MUKUS SERENITY;pcs;pcs;0;;;;1-1823;;;;;;;;;;;11220;8500
ALAT KESEHATAN;MUKUS GENERAL CARE;pcs;pcs;0;;;;1-1824;;;;;;;;;;;11880;1
OBAT;VOMCERAN 8 MG/4 ML;pcs;pcs;0;;;;1-1825;;;;;;;;;;;72600;55000
OBAT;NEVOX XR 500 MG;pcs;pcs;0;;;;1-1826;;;;;;;;;;;2640;2000
OBAT;SGM LLM;pcs;pcs;0;;;;1-1827;;;;;;;;;;;42240;32000
OBAT;PHYSIOGEL 100 ML;pcs;pcs;0;;;;1-1828;;;;;;;;;;;121836;1
ALAT KESEHATAN;SUCTION CATHETER 10  HOSPITECH;pcs;pcs;0;;;;1-1829;;;;;;;;;;;7986;6050
ALAT KESEHATAN;SUCTION CATHETER 8 HOSPITECH;pcs;pcs;0;;;;1-1830;;;;;;;;;;;7986;7000
OBAT;CETADOP 200 INJ;pcs;pcs;0;;;;1-1831;;;;;;;;;;;8131.2;6160
OBAT;INFUSAN RING-AS 500 ML SINGLE POT;pcs;pcs;0;;;;1-1832;;;;;;;;;;;18404.1;13942.5
OBAT;XEPAZYM;pcs;pcs;0;;;;1-1833;;;;;;;;;;;3995.19;3026.66
OBAT;MEFUROSAN KRIM 10 G;pcs;pcs;0;;;;1-1834;;;;;;;;;;;101349.6;76780
OBAT;LEGRA 50 MG TABLET;pcs;pcs;0;;;;1-1835;;;;;;;;;;;79860;60500
OBAT;LEGRA 100 MG TABLET;pcs;pcs;0;;;;1-1836;;;;;;;;;;;104544;79200
OBAT;NOREPINEPHRINE BITARTRATE INJ;pcs;pcs;0;;;;1-1837;;;;;;;;;;;34107;55000
ALAT KESEHATAN;SANSULIN PEN;pcs;pcs;0;;;;1-1838;;;;;;;;;;;171619;130014.5
ALAT KESEHATAN;INFUSION SET ANAK COSMO;pcs;pcs;0;;;;1-1839;;;;;;;;;;;4392.3;3327.5
ALAT KESEHATAN;INFUSION SET DEWASA COSMO;pcs;pcs;0;;;;1-1840;;;;;;;;;;;5270.76;3993
ALAT KESEHATAN;LAKMUS MERAH MN ASAM;pcs;pcs;0;;;;1-1841;;;;;;;;;;;71016;53800
ALAT KESEHATAN;SUCTION CONNECTING TUBE PHASCO;pcs;pcs;0;;;;1-1842;;;;;;;;;;;70620;53500
OBAT;BLESIFEN TABLET;pcs;pcs;0;;;;1-1843;;;;;;;;;;;18280.68;13849
ALAT KESEHATAN;SARUNG TANGAN OBGYN OM;pcs;pcs;0;;;;1-1844;;;;;;;;;;;46200;35000
OBAT;MOXIFLOXACIN INFUS;pcs;pcs;0;;;;1-1845;;;;;;;;;;;313500;237500
OBAT;ZIDIFEC INJ;pcs;pcs;0;;;;1-1846;;;;;;;;;;;395340;299500
OBAT;PHYTOMENADIONE INJ 10 MG;pcs;pcs;0;;;;1-1847;;;;;;;;;;;6292;4766.67
OBAT;UROTRACTIN KAP;pcs;pcs;0;;;;1-1848;;;;;;;;;;;5214;3950
OBAT;DEPAKOTE TAB;pcs;pcs;0;;;;1-1849;;;;;;;;;;;13332;10100
ALAT KESEHATAN;KARET TENSI ABN;pcs;pcs;0;;;;1-1850;;;;;;;;;;;62964;47700
OBAT;CLIDIAZ TAB;pcs;pcs;0;;;;1-1851;;;;;;;;;;;2521.2;1910
OBAT;LAPIBAL 250 MG KAPSUL;pcs;pcs;0;;;;1-1852;;;;;;;;;;;2244;1700
OBAT;SARI KUTHUK;pcs;pcs;0;;;;1-1853;;;;;;;;;;;52800;40000
OBAT;FERROS SULFAT TAB;pcs;pcs;0;;;;1-1854;;;;;;;;;;;792;600
ALAT KESEHATAN;ALKOHOL SWAB SENSI;pcs;pcs;0;;;;1-1855;;;;;;;;;;;255;125
OBAT;SUPRASMA SOL FOR INHALATION;pcs;pcs;0;;;;1-1856;;;;;;;;;;;10164;7700
ALAT KESEHATAN;CUTIMED-SILTEC 10X10 CM;pcs;pcs;0;;;;1-1857;;;;;;;;;;;130680;99000
ALAT KESEHATAN;CUTIMED-SILTEC 10X20 CM;pcs;pcs;0;;;;1-1858;;;;;;;;;;;159720;121000
ALAT KESEHATAN;CUTIMED SORBACT 72165-00 SWAB 7X9 CM;pcs;pcs;0;;;;1-1859;;;;;;;;;;;79860;60500
ALAT KESEHATAN;CUTIMED CAVITY 10X10 CM;pcs;pcs;0;;;;1-1860;;;;;;;;;;;130680;105600
ALAT KESEHATAN;FIXOMUL 72216-00 TRANSPARENT 5X10 CM;pcs;pcs;0;;;;1-1861;;;;;;;;;;;297660;1
ALAT KESEHATAN;FIXOMUL 72216-00 TRANSPARENT 10X10 CM;pcs;pcs;0;;;;1-1862;;;;;;;;;;;537240;1
ALAT KESEHATAN;MAXTER STERIL 6,5;pcs;pcs;0;;;;1-1863;;;;;;;;;;;5445;1
ALAT KESEHATAN;ALKOHOL 70 % 5 LITER ONEMED;pcs;pcs;0;;;;1-1864;;;;;;;;;;;254100;1
OBAT;GRISEOFALVIN 500 TAB;pcs;pcs;0;;;;1-1865;;;;;;;;;;;2508;1900
ALAT KESEHATAN;CATGUT CHROMIC 3.0  GEA + JARUM SACHET;pcs;pcs;0;;;;1-1867;;;;;;;;;;;10560;8000
OBAT;PAMOL 125 MG SUPP;pcs;pcs;0;;;;1-1868;;;;;;;;;;;18585.6;14080
OBAT;PAMOL 250 MG SUPP;pcs;pcs;0;;;;1-1869;;;;;;;;;;;27588;20900
OBAT;PROSTER 200 MG TABLET;pcs;pcs;0;;;;1-1870;;;;;;;;;;;16790;12720
OBAT;COXIRON 60 MG TABLET;pcs;pcs;0;;;;1-1871;;;;;;;;;;;9570;7250
OBAT;COXIRON 90 MG TABLET;pcs;pcs;0;;;;1-1872;;;;;;;;;;;12250;1
OBAT;MILOZ  15 MG INJEKSI;pcs;pcs;0;;;;1-1873;;;;;;;;;;;65340;55500
OBAT;SUPRASMA HFA INHALER;pcs;pcs;0;;;;1-1874;;;;;;;;;;;101640;77000
ALAT KESEHATAN;MAS EXAMINATION GLOVES X-SMALL;pcs;pcs;0;;;;1-1875;;;;;;;;;;;871.2;1
ALAT KESEHATAN;MAS EXAMINATION GLOVES SMALL;pcs;pcs;0;;;;1-1876;;;;;;;;;;;871.2;1
OBAT;LANAKELOID;pcs;pcs;0;;;;1-1877;;;;;;;;;;;12936;9800
OBAT;MUSTELA BC 123;pcs;pcs;0;;;;1-1878;;;;;;;;;;;119064;90200
OBAT;LEVOSIF SYR;pcs;pcs;0;;;;1-1879;;;;;;;;;;;60984;46200
OBAT;YUSIMOX KAP 500 MG;pcs;pcs;0;;;;1-1880;;;;;;;;;;;644.16;488
OBAT;CARGESIK 500 MG;pcs;pcs;0;;;;1-1881;;;;;;;;;;;552;397
OBAT;NOVAXIVEN TAB 400 MG;pcs;pcs;0;;;;1-1882;;;;;;;;;;;524.24;397.15
OBAT;MIXALGIN KAP;pcs;pcs;0;;;;1-1883;;;;;;;;;;;904.6;685.3
OBAT;FASIDOL KAP 500 MG;pcs;pcs;0;;;;1-1884;;;;;;;;;;;245.52;186
OBAT;LOSTACEF KAP 500 MG;pcs;pcs;0;;;;1-1885;;;;;;;;;;;1214.4;920
OBAT;GRAFAZOL KAP 500 MG;pcs;pcs;0;;;;1-1886;;;;;;;;;;;458.11;347.05
OBAT;FLOXIFAR KAP 500 MG;pcs;pcs;0;;;;1-1887;;;;;;;;;;;744.48;564
OBAT;LOSTACEF SYRUP 125 MG;pcs;pcs;0;;;;1-1888;;;;;;;;;;;12906.96;9778
OBAT;NOVAXIFEN SYRUP 60 ML;pcs;pcs;0;;;;1-1889;;;;;;;;;;;7094.99;5375
ALAT KESEHATAN;SILK 3/0  (- ) JARUM ONEMED;pcs;pcs;0;;;;1-1890;;;;;;;;;;;10560;8000
OBAT;RESPITOR NEBULE 2,5 ML;pcs;pcs;0;;;;1-1891;;;;;;;;;;;12342;9350
OBAT;THIAMPHENICOL 250 MG KAPSUL;pcs;pcs;0;;;;1-1892;;;;;;;;;;;0;1
OBAT;LASAL NEBUL;pcs;pcs;0;;;;1-1893;;;;;;;;;;;11616;8800
OBAT;VOMCERAN SYRUP 4 MG;pcs;pcs;0;;;;1-1894;;;;;;;;;;;108900;82500
OBAT;DOTRAMOL TAB;pcs;pcs;0;;;;1-1895;;;;;;;;;;;10896.6;8255
OBAT;GRISEOVULFIN 125 MG TABLET;pcs;pcs;0;;;;1-1896;;;;;;;;;;;660;500
OBAT;DIONICHOL TAB;pcs;pcs;0;;;;1-1897;;;;;;;;;;;1320;1000
ALAT KESEHATAN;PARAFILM 4 X 125;pcs;pcs;0;;;;1-1898;;;;;;;;;;;597960;1
OBAT;NEUROFENAC PLUS;pcs;pcs;0;;;;1-1899;;;;;;;;;;;7541.17;5713
OBAT;SCACID KRIM;pcs;pcs;0;;;;1-1900;;;;;;;;;;;55902;42350
OBAT;URSOLIC 250 MG;pcs;pcs;0;;;;1-1901;;;;;;;;;;;13794;10450
ALAT KESEHATAN;ONEMED PENCIL CAUTER;pcs;pcs;0;;;;1-1902;;;;;;;;;;;75504;57200
OBAT;MAXPRINOL SIRUP;pcs;pcs;0;;;;1-1903;;;;;;;;;;;108900;82500
ALAT KESEHATAN;SENSITIVE TEST PACK;pcs;pcs;0;;;;1-1904;;;;;;;;;;;29040;22000
OBAT;CAPRITAZIN SYRUP 60 ML;pcs;pcs;0;;;;1-1905;;;;;;;;;;;64178.4;48620
OBAT;CAPRITAZIN DROPS;pcs;pcs;0;;;;1-1906;;;;;;;;;;;70422;53350
OBAT;KAPSUL KOSONG NO. 3;pcs;pcs;0;;;;1-1907;;;;;;;;;;;52.8;1
OBAT;DUODERM GEL 30 GR;pcs;pcs;0;;;;1-1908;;;;;;;;;;;167508;126900
ALAT KESEHATAN;AQUACEL AG EXTRA 10 X 10;pcs;pcs;0;;;;1-1909;;;;;;;;;;;325908;246900
OBAT;STEROBACT;pcs;pcs;0;;;;1-1910;;;;;;;;;;;79200;1
;FLUXAR 150 MG KAPSUL;pcs;pcs;0;;;;1-1911;;;;;;;;;;;87120;66000
OBAT;LYCOXY KAPLET;pcs;pcs;0;;;;1-1912;;;;;;;;;;;7986;6050
OBAT;MARCAIN HEAVY 5MG;pcs;pcs;0;;;;1-1913;;;;;;;;;;;104451.65;79130.04
OBAT;OSTEOFORTIS CAPS;pcs;pcs;0;;;;1-1914;;;;;;;;;;;5082;3850
OBAT;FIBUMIN CAPS 500 MG;pcs;pcs;0;;;;1-1915;;;;;;;;;;;7260;5500
OBAT;STERILE WATER 1000ML WIDA;pcs;pcs;0;;;;1-1916;;;;;;;;;;;30187.08;22869
OBAT;TRANSPULMIN BALSEM 20 GR;pcs;pcs;0;;;;1-1917;;;;;;;;;;;89496;67800
OBAT;CERINI DROP;pcs;pcs;0;;;;1-1918;;;;;;;;;;;91476;69300
OBAT;NEUROBION INJEKSI 5000;pcs;pcs;0;;;;1-1919;;;;;;;;;;;15048;11400
OBAT;RANIFIN INJEKSI 50 MG;pcs;pcs;0;;;;1-1920;;;;;;;;;;;23232;17600
OBAT;KY JELLY 50 GR;pcs;pcs;0;;;;1-1921;;;;;;;;;;;49104;37200
OBAT;NS QUANTUM 500 ML;pcs;pcs;0;;;;1-1922;;;;;;;;;;;19800;22000
OBAT;CEPEZET 100 MG;pcs;pcs;0;;;;1-1923;;;;;;;;;;;818.4;620
OBAT;MUNOSAN;pcs;pcs;0;;;;1-1924;;;;;;;;;;;136633;113900
OBAT;MOPRIN SIRUP;pcs;pcs;0;;;;1-1925;;;;;;;;;;;87120;66000
OBAT;GRANITRON 3 MG/ 3 ML;pcs;pcs;0;;;;1-1926;;;;;;;;;;;159720;121000
OBAT;CHLORAETHYL SPRAY;pcs;pcs;0;;;;1-1927;;;;;;;;;;;261492;198100
ALAT KESEHATAN;CATGUT PLAIN 4/0 SMARTCARE;pcs;pcs;0;;;;1-1928;;;;;;;;;;;20460;15500
ALAT KESEHATAN;SAFIL 4/0 HR 22;pcs;pcs;0;;;;1-1929;;;;;;;;;;;200195.16;151663
ALAT KESEHATAN;SAFIL 3/0 HR 26;pcs;pcs;0;;;;1-1930;;;;;;;;;;;222210.12;168341
ALAT KESEHATAN;SILKAM 2/0 HR 26 SAC;pcs;pcs;0;;;;1-1931;;;;;;;;;;;130680;99000
ALAT KESEHATAN;SILKAM 3/0 HR 17 SAC;pcs;pcs;0;;;;1-1932;;;;;;;;;;;130680;99000
OBAT;VOLTADEX  TAB 50 MG;pcs;pcs;0;;;;1-1933;;;;;;;;;;;429.01;325.01
OBAT;TRILEPTAL 300 MG;pcs;pcs;0;;;;1-1934;;;;;;;;;;;13076.79;9906.66
OBAT;INDEXON TAB;pcs;pcs;0;;;;1-1935;;;;;;;;;;;1188;900
OBAT;STREPTOMYCIN INJ;pcs;pcs;0;;;;1-1936;;;;;;;;;;;12830.4;9720
OBAT;HEIKO WATER 500 ML;pcs;pcs;0;;;;1-1937;;;;;;;;;;;8520.31;7307.3
ALAT KESEHATAN;ABBOCATH NO. 14;pcs;pcs;0;;;;1-1938;;;;;;;;;;;42597.32;9779
OBAT;GRANOVELL 1 MG INJEKSI;pcs;pcs;0;;;;1-1939;;;;;;;;;;;60984;46200
ALAT KESEHATAN;NEOFLON BD 26;pcs;pcs;0;;;;1-1940;;;;;;;;;;;58987.5;44687.5
OBAT;DIA RES Q;pcs;pcs;0;;;;1-1941;;;;;;;;;;;43999.56;1
OBAT;MGSO4 40% INJEKSI SANBE;pcs;pcs;0;;;;1-1942;;;;;;;;;;;20836.2;15785
OBAT;SIMDES SYRUP 60 ML;pcs;pcs;0;;;;1-1943;;;;;;;;;;;108900;82500
OBAT;FIONDAZOL INFUS;pcs;pcs;0;;;;1-1944;;;;;;;;;;;95832;72600
OBAT;ASI-M KAPLET;pcs;pcs;0;;;;1-1945;;;;;;;;;;;3630;2750
OBAT;LACTOGEN LLF;pcs;pcs;0;;;;1-1946;;;;;;;;;;;29340.3;26150
OBAT;DESTAVEL SYRUP;pcs;pcs;0;;;;1-1947;;;;;;;;;;;80520;61000
OBAT;NAIRET INJEKSI;pcs;pcs;0;;;;1-1948;;;;;;;;;;;34848;26400
OBAT;RANICHO SYRUP;pcs;pcs;0;;;;1-1949;;;;;;;;;;;74052;56100
OBAT;ROKSICAP 500 KAPSUL;pcs;pcs;0;;;;1-1950;;;;;;;;;;;14084.4;10670
OBAT;ROKSICAP DRY SYRUP;pcs;pcs;0;;;;1-1951;;;;;;;;;;;57789.6;43780
OBAT;ENFAMIL NON LACTOSA;pcs;pcs;0;;;;1-1952;;;;;;;;;;;224624;200200
ALAT KESEHATAN;MASKER KARET NUMED;pcs;pcs;0;;;;1-1953;;;;;;;;;;;924;700
OBAT;HECOSAN SYRUP 120ML;pcs;pcs;0;;;;1-1954;;;;;;;;;;;72600;1
OBAT;BIOSANBE BABY ORAL DROPS;pcs;pcs;0;;;;1-1955;;;;;;;;;;;43560;1
OBAT;KALXETIN 10 MG;pcs;pcs;0;;;;1-1956;;;;;;;;;;;6486.48;4914
OBAT;ABILIFY 5 MG;pcs;pcs;0;;;;1-1957;;;;;;;;;;;41613;31525
OBAT;AQUAMARIS ADULT SPRAY STRONG;pcs;pcs;0;;;;1-1958;;;;;;;;;;;159720;121000
OBAT;NEPHRISOL VANILA 201 GR;pcs;pcs;0;;;;1-1959;;;;;;;;;;;72593.4;64700
OBAT;INLACIN 100 MG;pcs;pcs;0;;;;1-1960;;;;;;;;;;;7260;5500
ALAT KESEHATAN;SILK 3/0  + JARUM SELLA;pcs;pcs;0;;;;1-1961;;;;;;;;;;;12100;9166.67
OBAT;HYPERHEP (0,5 ML);pcs;pcs;0;;;;1-1962;;;;;;;;;;;1748981;2504700
OBAT;RIFAMTIBI 120 MG;pcs;pcs;0;;;;1-1963;;;;;;;;;;;2183;1653.33
OBAT;KAPEDOXIN 80 MG;pcs;pcs;0;;;;1-1964;;;;;;;;;;;599;453.33
OBAT;IKALEPS 250 MG;pcs;pcs;0;;;;1-1965;;;;;;;;;;;7578.99;5741.66
OBAT;ACARBOSE 50 MG;pcs;pcs;0;;;;6-0001;;;;;;;;;;;1606.44;1
OBAT;ACARBOSE 100MG;pcs;pcs;0;;;;6-0002;;;;;;;;;;;2589.84;1
OBAT;ACYCLOVIR 200 MG TABLET;pcs;pcs;0;;;;6-0003;;;;;;;;;;;563.64;1
OBAT;ACYCLOVIR 400 MG TABLET;pcs;pcs;0;;;;6-0004;;;;;;;;;;;814.44;1
OBAT;ACYCLOVIR 5% KRIM 5 G;pcs;pcs;0;;;;6-0005;;;;;;;;;;;4490.64;1
OBAT;ADALAT OROS 20 MG;pcs;pcs;0;;;;6-0006;;;;;;;;;;;4275.48;1
OBAT;ADALAT OROS 30 MG;pcs;pcs;0;;;;6-0007;;;;;;;;;;;5203.44;1
OBAT;ALLOPURINOL TABLET;pcs;pcs;0;;;;6-0008;;;;;;;;;;;213.84;1
OBAT;ALLOPURINOL 300 TABLET;pcs;pcs;0;;;;6-0009;;;;;;;;;;;462;1
OBAT;ALPRAZOLAM 1 MG TAB;pcs;pcs;0;;;;6-0010;;;;;;;;;;;1603.8;1
OBAT;ALPRAZOLAM 0,5MG TABLET;pcs;pcs;0;;;;6-0011;;;;;;;;;;;957;1
OBAT;AMITRIPTILLIN 25 MG TAB;pcs;pcs;0;;;;6-0012;;;;;;;;;;;205.92;1
OBAT;AMBROXOL TABLET 30MG;pcs;pcs;0;;;;6-0013;;;;;;;;;;;213.84;1
OBAT;AMBROXOL SYRUP;pcs;pcs;0;;;;6-0014;;;;;;;;;;;5666.76;1
OBAT;AMINOPHILLIN 150 MG TABLET;pcs;pcs;0;;;;6-0015;;;;;;;;;;;213.84;1
OBAT;AMINOPHILLIN 24 MG INJEKSI;pcs;pcs;0;;;;6-0016;;;;;;;;;;;8821.56;1
ALAT KESEHATAN;AMINOPHILLIN TAB 200MG;pcs;pcs;0;;;;6-0017;;;;;;;;;;;142.56;1
OBAT;AMIKACIN 250 MG INJEKSI;pcs;pcs;0;;;;6-0018;;;;;;;;;;;121898;30000
OBAT;AMIKACIN 500 MG INJEKSI;pcs;pcs;0;;;;6-0019;;;;;;;;;;;201300;1
OBAT;AMIKASIN 125 INJEKSI;pcs;pcs;0;;;;6-0020;;;;;;;;;;;121898.04;1
OBAT;AMLODIPINE 10 MG;pcs;pcs;0;;;;6-0021;;;;;;;;;;;1617;1
OBAT;AMLODIPINE 5 MG;pcs;pcs;0;;;;6-0022;;;;;;;;;;;917.4;1
OBAT;AMOXICILLIN 500 MG KAPLET;pcs;pcs;0;;;;6-0023;;;;;;;;;;;528;1
OBAT;AMOXICILLIN DRY SYRUP;pcs;pcs;0;;;;6-0024;;;;;;;;;;;5085.96;1
OBAT;ANTALGIN 500 MG TABLET (STRIP);pcs;pcs;0;;;;6-0025;;;;;;;;;;;465.96;1
OBAT;ANTASIDA DOEN SYRUP 60 ML;pcs;pcs;0;;;;6-0026;;;;;;;;;;;4861.56;1
OBAT;ANTASIDA DOEN TABLET;pcs;pcs;0;;;;6-0027;;;;;;;;;;;289.08;1
OBAT;ASAM MEFENAMAT 500 MG KAPLET;pcs;pcs;0;;;;6-0028;;;;;;;;;;;285.12;1
OBAT;ASAM VALPROAT SYRUP;pcs;pcs;0;;;;6-0029;;;;;;;;;;;55983.84;1
OBAT;ACETOSAL 100 MG;pcs;pcs;0;;;;6-0030;;;;;;;;;;;231;1
OBAT;ASTHERIN TABLET;pcs;pcs;0;;;;6-0031;;;;;;;;;;;660;1
OBAT;ATROPIN 0,25 MG INJEKSI;pcs;pcs;0;;;;6-0032;;;;;;;;;;;2851.2;1
OBAT;AZYTHROMYCIN DRY SYRUP;pcs;pcs;0;;;;6-0033;;;;;;;;;;;70567.2;1
OBAT;BETAMETASON 5 MG CREAM;pcs;pcs;0;;;;6-0034;;;;;;;;;;;3432;1
OBAT;BISOPROLOL 5 MG;pcs;pcs;0;;;;6-0035;;;;;;;;;;;1655.28;1
OBAT;BUCAIN SPINAL INJEKSI;pcs;pcs;0;;;;6-0036;;;;;;;;;;;86248.8;1
OBAT;CALSIUM GLUCONAS INJEKSI;pcs;pcs;0;;;;6-0037;;;;;;;;;;;14191.32;1
OBAT;CANDESARTAN 16 MG;pcs;pcs;0;;;;6-0038;;;;;;;;;;;6985.44;1
OBAT;CANDESARTAN 8 MG;pcs;pcs;0;;;;6-0039;;;;;;;;;;;4419.36;1
OBAT;CAPTOPRIL 12,5 MG TABLET;pcs;pcs;0;;;;6-0040;;;;;;;;;;;130.68;1
OBAT;CAPTOPRIL 25 MG TABLET;pcs;pcs;0;;;;6-0041;;;;;;;;;;;196.68;1
OBAT;CEFIXIME DRY SYRUP 30 ML;pcs;pcs;0;;;;6-0042;;;;;;;;;;;14256;1
OBAT;CEFIXIM 100 MG KAPSUL;pcs;pcs;0;;;;6-0043;;;;;;;;;;;2492.16;1
OBAT;CEFADROXIL SYR 125MG;pcs;pcs;0;;;;6-0044;;;;;;;;;;;11048.4;1
OBAT;CEFADROXIL 500 MG KAPSUL;pcs;pcs;0;;;;6-0045;;;;;;;;;;;1197.24;1
OBAT;CEFOTAXIM 1 G INJEKSI;pcs;pcs;0;;;;6-0046;;;;;;;;;;;9555.98;7425
OBAT;CEPHALEXIN 500 MG KAPSUL;pcs;pcs;0;;;;6-0047;;;;;;;;;;;1710.72;1
OBAT;CETIRIZINE 10MG KAP;pcs;pcs;0;;;;6-0048;;;;;;;;;;;469.92;1
OBAT;CETIRIZINE SYRUP;pcs;pcs;0;;;;6-0049;;;;;;;;;;;14897.52;1
OBAT;CIPROFLOXACIN 500 MG TABLET;pcs;pcs;0;;;;6-0050;;;;;;;;;;;641.52;1
OBAT;CIPROFLOXACIN INFUS;pcs;pcs;0;;;;6-0051;;;;;;;;;;;40772.16;1
OBAT;CHLORAMPHENICOL 250 MG;pcs;pcs;0;;;;6-0052;;;;;;;;;;;285.12;1
OBAT;CLOPIDOGREL 75MG TABLET;pcs;pcs;0;;;;6-0053;;;;;;;;;;;8470.44;1
OBAT;CO AMOXICLAV;pcs;pcs;0;;;;6-0054;;;;;;;;;;;7207.2;1
OBAT;CODEIN 10 MG TABLET;pcs;pcs;0;;;;6-0055;;;;;;;;;;;723.36;1
OBAT;CODEIN 20 MG TABLET;pcs;pcs;0;;;;6-0056;;;;;;;;;;;1609.08;1
OBAT;CONCOR 2,5 MG;pcs;pcs;0;;;;6-0057;;;;;;;;;;;1063.92;1
OBAT;COTRIMOXSAZOLE TABLET;pcs;pcs;0;;;;6-0058;;;;;;;;;;;327.36;1
OBAT;CTM 4 MG TABLET;pcs;pcs;0;;;;6-0059;;;;;;;;;;;62.04;1
OBAT;DECULIN 30 MG;pcs;pcs;0;;;;6-0060;;;;;;;;;;;6450.84;1
OBAT;DECULIN 15 MG;pcs;pcs;0;;;;6-0061;;;;;;;;;;;4448.4;1
OBAT;DEXAMETHASON 0,5 MG TABLET;pcs;pcs;0;;;;6-0062;;;;;;;;;;;262.68;1
OBAT;DEXAMETHASON INJEKSI;pcs;pcs;0;;;;6-0063;;;;;;;;;;;3091.89;2402.4
OBAT;DIFENHIDRAMIN HCL INJEKSI;pcs;pcs;0;;;;6-0064;;;;;;;;;;;1393.92;1
ALAT KESEHATAN;DIGOXIN TABLET;pcs;pcs;0;;;;6-0065;;;;;;;;;;;183.48;1
OBAT;DILTIAZEM 30 MG;pcs;pcs;0;;;;6-0066;;;;;;;;;;;264;1
OBAT;DIOVAN 80 MG;pcs;pcs;0;;;;6-0067;;;;;;;;;;;2567.4;1
OBAT;DOMPERIDONE 10MG TABLET;pcs;pcs;0;;;;6-0068;;;;;;;;;;;575.52;1
ALAT KESEHATAN;DOPAMET 250 MG;pcs;pcs;0;;;;6-0069;;;;;;;;;;;1140.48;1
OBAT;DOXYCYCLINE 100 MG KAPSUL;pcs;pcs;0;;;;6-0070;;;;;;;;;;;366.96;1
OBAT;EPERISONE 50MG TAB;pcs;pcs;0;;;;6-0071;;;;;;;;;;;1552.32;1
OBAT;ERYTHROMYCIN 500;pcs;pcs;0;;;;6-0072;;;;;;;;;;;1325.28;1
OBAT;ERYTHROMYCIN SYR;pcs;pcs;0;;;;6-0073;;;;;;;;;;;11880;1
OBAT;FARSORBID 5 MG;pcs;pcs;0;;;;6-0074;;;;;;;;;;;318.12;1
OBAT;FARMASAL 100 MG;pcs;pcs;0;;;;6-0075;;;;;;;;;;;1019.04;1
OBAT;FUROSEMIDE 40 MG TABLET;pcs;pcs;0;;;;6-0076;;;;;;;;;;;174.24;1
OBAT;GENTAMICIN 0,1% 5 G SALEP;pcs;pcs;0;;;;6-0077;;;;;;;;;;;3136.32;1
OBAT;GENTAMICIN INJEKSI;pcs;pcs;0;;;;6-0078;;;;;;;;;;;5264.16;1
OBAT;GLIBENCLAMIDE TABLET 5 MG;pcs;pcs;0;;;;6-0079;;;;;;;;;;;142.56;1
OBAT;GLIMEPIRIDE 3 TAB;pcs;pcs;0;;;;6-0080;;;;;;;;;;;2508;1
OBAT;GLIMEPIRIDE 4 MG TABLET;pcs;pcs;0;;;;6-0081;;;;;;;;;;;2547.6;1
OBAT;GLIMEPIRIDE 2MG TABLET;pcs;pcs;0;;;;6-0082;;;;;;;;;;;1518;1
OBAT;GLIQUIDONE 30MG;pcs;pcs;0;;;;6-0083;;;;;;;;;;;1354.32;1
OBAT;GLIMEPIRIDE 1 MG TABLET;pcs;pcs;0;;;;6-0084;;;;;;;;;;;743.16;1
OBAT;GLUCOBAY 100;pcs;pcs;0;;;;6-0085;;;;;;;;;;;3894;1
OBAT;GLUCODEX TABLET;pcs;pcs;0;;;;6-0086;;;;;;;;;;;359.04;235
OBAT;GLUCOBAY 50MG TABLET;pcs;pcs;0;;;;6-0087;;;;;;;;;;;2442;1
OBAT;HCT 25 MG TABLET;pcs;pcs;0;;;;6-0088;;;;;;;;;;;58.08;1
OBAT;HEPLAV 100 MG;pcs;pcs;0;;;;6-0089;;;;;;;;;;;6392.76;1
OBAT;HERBESSER CD 100 MG;pcs;pcs;0;;;;6-0090;;;;;;;;;;;11748;1
OBAT;HIDROCORTISONE 1% KRIM 5 G;pcs;pcs;0;;;;6-0091;;;;;;;;;;;9408.96;1
OBAT;HIDROCORTISONE 2,5% KRIM 5 G;pcs;pcs;0;;;;6-0092;;;;;;;;;;;4989.6;1
OBAT;IBUPROFEN 400 MG TABLET;pcs;pcs;0;;;;6-0093;;;;;;;;;;;283.8;1
ALAT KESEHATAN;INFUSION SET NIPRO TYPE  Y (BPJS);pcs;pcs;0;;;;6-0094;;;;;;;;;;;14819.64;1
OBAT;IRBESARTAN 150;pcs;pcs;0;;;;6-0095;;;;;;;;;;;2940.96;1
OBAT;IRBESARTAN 200;pcs;pcs;0;;;;6-0096;;;;;;;;;;;5214;1
OBAT;ISOSORBIDE DINITRATE 5 MG;pcs;pcs;0;;;;6-0097;;;;;;;;;;;165;1
OBAT;KALSIUM LAKTAT;pcs;pcs;0;;;;6-0098;;;;;;;;;;;63.36;1
OBAT;KALIUM DIKLOFENAK 50MG;pcs;pcs;0;;;;6-0099;;;;;;;;;;;1009.8;1
OBAT;LANSOPRAZOL 30MG;pcs;pcs;0;;;;6-0100;;;;;;;;;;;1247.4;1
OBAT;LEVEMIR FLEXPEN INSULIN;pcs;pcs;0;;;;6-0101;;;;;;;;;;;121176;1
OBAT;LISINOPRIL 5MG;pcs;pcs;0;;;;6-0102;;;;;;;;;;;501.6;1
OBAT;LISINOPRIL 10 MG;pcs;pcs;0;;;;6-0103;;;;;;;;;;;861.96;1
OBAT;MELOXICAM 15 MG;pcs;pcs;0;;;;6-0104;;;;;;;;;;;1111.44;1
OBAT;MELOXICAM 7,5 MG;pcs;pcs;0;;;;6-0105;;;;;;;;;;;924;1
ALAT KESEHATAN;MEROPENEM 1GR INJ;pcs;pcs;0;;;;6-0106;;;;;;;;;;;156816;1
OBAT;METHYL PREDNISOLON 4 MG TAB;pcs;pcs;0;;;;6-0107;;;;;;;;;;;543.84;1
OBAT;METHYL PREDNISOLON 16 MG;pcs;pcs;0;;;;6-0108;;;;;;;;;;;1320;1
OBAT;METFORMIN TABLET;pcs;pcs;0;;;;6-0109;;;;;;;;;;;335.28;1
OBAT;METRONIDAZOLE 500 MG TABLET;pcs;pcs;0;;;;6-0110;;;;;;;;;;;320.76;1
OBAT;METRONIDAZOLE INFUS;pcs;pcs;0;;;;6-0111;;;;;;;;;;;31363.2;1
OBAT;METHYL PREDNISOLON INJ 125MG;pcs;pcs;0;;;;6-0112;;;;;;;;;;;51612;1
OBAT;METFORMIN TABLET 850MG;pcs;pcs;0;;;;6-0113;;;;;;;;;;;584.76;1
OBAT;MICONAZOLE 2% KRIM 10 G;pcs;pcs;0;;;;6-0114;;;;;;;;;;;4278.12;1
OBAT;MICARDIS 40 MG;pcs;pcs;0;;;;6-0115;;;;;;;;;;;5559.84;1
OBAT;MICARDIS 80 MG;pcs;pcs;0;;;;6-0116;;;;;;;;;;;9266.4;1
OBAT;MTX TABLET (EBEWE);pcs;pcs;0;;;;6-0117;;;;;;;;;;;3300;1
OBAT;NATRIUM DIKLOFENAK 25MG TABLET;pcs;pcs;0;;;;6-0118;;;;;;;;;;;330;1
OBAT;NATRIUM DIKLOFENAK 50 MG;pcs;pcs;0;;;;6-0119;;;;;;;;;;;299.64;1
OBAT;NEURODEX TAB;pcs;pcs;0;;;;6-0120;;;;;;;;;;;414.48;1
OBAT;NIFEDIPIN 10 MG TABLET;pcs;pcs;0;;;;6-0121;;;;;;;;;;;249.48;1
OBAT;NITROKAF RETARD KAPS;pcs;pcs;0;;;;6-0122;;;;;;;;;;;3354.12;1
OBAT;NOVORAPID FLEXPEN;pcs;pcs;0;;;;6-0123;;;;;;;;;;;124027.2;1
OBAT;NOVOMIX 30 FLEXPEN;pcs;pcs;0;;;;6-0124;;;;;;;;;;;156816;1
OBAT;OMEPRAZOLE 20 MG KAPSUL;pcs;pcs;0;;;;6-0125;;;;;;;;;;;592.68;1
ALAT KESEHATAN;ONDANSENTRON TABLET 4MG;pcs;pcs;0;;;;6-0126;;;;;;;;;;;2195.16;1
OBAT;ONDANSENTRON 8 MG TABLET;pcs;pcs;0;;;;6-0127;;;;;;;;;;;3606.24;1
OBAT;ONDANSENTRON INJEKSI;pcs;pcs;0;;;;6-0128;;;;;;;;;;;8232.84;1
OBAT;PARASETAMOL 500 MG TABLET (STRIP);pcs;pcs;0;;;;6-0129;;;;;;;;;;;178.2;1
OBAT;PARASETAMOL SYRUP;pcs;pcs;0;;;;6-0130;;;;;;;;;;;4276;3500
OBAT;PARASETAMOL INFUS;pcs;pcs;0;;;;6-0131;;;;;;;;;;;29637.96;1
OBAT;PROPANOLOL 10 MG;pcs;pcs;0;;;;6-0132;;;;;;;;;;;121.44;1
OBAT;PROPANOLOL 40MG;pcs;pcs;0;;;;6-0133;;;;;;;;;;;231;1
OBAT;PTU 100MG;pcs;pcs;0;;;;6-0134;;;;;;;;;;;426.36;1
OBAT;RAMIPRIL 5 MG;pcs;pcs;0;;;;6-0135;;;;;;;;;;;832.92;1
OBAT;RAMIPRIL 10 MG;pcs;pcs;0;;;;6-0136;;;;;;;;;;;1450.68;1
OBAT;RANITIDIN TABLET 150 MG;pcs;pcs;0;;;;6-0137;;;;;;;;;;;314.16;1
OBAT;RETAPHYL SR TABLET;pcs;pcs;0;;;;6-0138;;;;;;;;;;;1496.88;1
OBAT;SALBUTAMOL 2 MG TABLET;pcs;pcs;0;;;;6-0139;;;;;;;;;;;121.44;1
OBAT;SALBUTAMOL 4 MG TABLET;pcs;pcs;0;;;;6-0140;;;;;;;;;;;188.76;1
OBAT;SIMVASTATIN TABLET;pcs;pcs;0;;;;6-0141;;;;;;;;;;;731.28;1
OBAT;SIMVASTATIN 20MG;pcs;pcs;0;;;;6-0142;;;;;;;;;;;1539.12;1
OBAT;SPIRONOLACTONE 100MG TABLET;pcs;pcs;0;;;;6-0143;;;;;;;;;;;1503.48;1
OBAT;SPIRONOLAKTON 25 MG;pcs;pcs;0;;;;6-0144;;;;;;;;;;;493.68;1
OBAT;SPIRIVA KAPSUL + HANDIHALER;pcs;pcs;0;;;;6-0145;;;;;;;;;;;21747;1
OBAT;SPIRIVA 18 MCG KAPSUL;pcs;pcs;0;;;;6-0146;;;;;;;;;;;19769.64;1
OBAT;THYROZOL 5 MG;pcs;pcs;0;;;;6-0147;;;;;;;;;;;1518;1
OBAT;THYROZOL 10 MG;pcs;pcs;0;;;;6-0148;;;;;;;;;;;2324.52;1
OBAT;TRAMADOL 50 MG KAPSUL;pcs;pcs;0;;;;6-0149;;;;;;;;;;;506.88;1
OBAT;VALSARTAN 160 MG;pcs;pcs;0;;;;6-0150;;;;;;;;;;;10362;1
OBAT;VITAMIN B1 50MG TAB;pcs;pcs;0;;;;6-0151;;;;;;;;;;;99;1
OBAT;VITAMIN B1 100MG;pcs;pcs;0;;;;6-0152;;;;;;;;;;;198;1
OBAT;VITAMIN B COMPLEK TABLET;pcs;pcs;0;;;;6-0153;;;;;;;;;;;42.24;1
OBAT;VITAMIN B6 10 MG TABLET;pcs;pcs;0;;;;6-0154;;;;;;;;;;;66;1
OBAT;VITAMIN B12 10 MG TABLET;pcs;pcs;0;;;;6-0155;;;;;;;;;;;19.8;1
ALAT KESEHATAN;BLEED STOP;pcs;pcs;0;;;;6-0156;;;;;;;;;;;0;1
OBAT;RL OTSUKA 500 CC  BPJS;pcs;pcs;0;;;;6-0157;;;;;;;;;;;9438;7150
