OBAT           ,ABBOTIC GRANULE 30 ML 125 MG / 5 ML,,,,,,,1-0005,,,,,,,,,,,113300,0
OBAT           ,ACITRAL LIQUID 120 ML,,,,,,,1-0010,,,,,,,,,,,38500,0
OBAT           ,ACITRAL TABLET,,,,,,,1-0011,,,,,,,,,,,1270.5,0
OBAT           ,ACRAN INJEKSI,,,,,,,1-0012,,,,,,,,,,,22352,0
OBAT           ,ACTIFED PLUS EXPECT SYRUP 60 ML,,,,,,,1-0014,,,,,,,,,,,46871.99,0
OBAT           ,ACYCLOVIR 200 MG TABLET,,,,,,,1-0016,,,,,,,,,,,656.02,0
OBAT           ,ACYCLOVIR 400 MG TABLET,,,,,,,1-0017,,,,,,,,,,,965.54,0
OBAT           ,ACYCLOVIR 5% KRIM 5 G,,,,,,,1-0018,,,,,,,,,,,3625,0
               ,AERIUS TABLET,,,,,,,1-1568,,,,,,,,,,,9600,0
OBAT           ,ALBOTHYL CONCENTRATE 10 ML,,,,,,,1-0025,,,,,,,,,,,38500,0
               ,ALBUMINAR 25%,,,,,,,1-1587,,,,,,,,,,,2136750,0
OBAT           ,ALEGI TABLET,,,,,,,1-0033,,,,,,,,,,,1485,0
ALAT KESEHATAN ,ALGISITE 10 X 10 CM,,,,,,,1-1505,,,,,,,,,,,110000,0
OBAT           ,ALINAMIN TAB 5 MG,,,,,,,1-0038,,,,,,,,,,,600,0
OBAT           ,ALINAMIN-F 50 MG TABLET,,,,,,,1-0039,,,,,,,,,,,912.09,0
OBAT           ,ALLERON 4 MG TABLET,,,,,,,1-0043,,,,,,,,,,,90.45,0
OBAT           ,ALPARA KAPLET,,,,,,,1-0047,,,,,,,,,,,583.33,0
OBAT           ,AMBROXOL TABLET 30MG,,,,,,,1-0056,,,,,,,,,,,106.25,0
OBAT           ,AMIKACIN 250 MG INJEKSI,,,,,,,1-0059,,,,,,,,,,,91500,0
OBAT           ,AMITRIPTILLIN 25 MG TAB,,,,,,,1-0068,,,,,,,,,,,187,0
OBAT           ,AMLODIPINE 10 MG,,,,,,,1-0069,,,,,,,,,,,1200,0
OBAT           ,AMOXICILLIN 500 MG KAPLET,,,,,,,1-0071,,,,,,,,,,,362.51,0
OBAT           ,AMOXSAN 250 MG KAPSUL,,,,,,,1-0074,,,,,,,,,,,1705,0
OBAT           ,AMOXSAN 500 MG KAPSUL,,,,,,,1-0075,,,,,,,,,,,3410,0
OBAT           ,AMOXSAN DRY SYRUP 60 ML,,,,,,,1-0076,,,,,,,,,,,24090,0
OBAT           ,AMOXSAN FORTE SYRUP 60 ML,,,,,,,1-0077,,,,,,,,,,,33330,0
OBAT           ,AMOXSAN PAED DROPS 15 ML,,,,,,,1-0078,,,,,,,,,,,24035,0
OBAT           ,ANADEX SYRUP,,,,,,,1-1682,,,,,,,,,,,26400,0
OBAT           ,ANALSIK TABLET,,,,,,,1-0080,,,,,,,,,,,1595,0
OBAT           ,ANTALGIN 500 MG TABLET (STRIP),,,,,,,1-0085,,,,,,,,,,,254.9,0
OBAT           ,ANTASIDA DOEN SYRUP 60 ML,,,,,,,1-0086,,,,,,,,,,,3850,0
OBAT           ,ANTASIDA DOEN TABLET,,,,,,,1-0087,,,,,,,,,,,97.5,0
OBAT           ,ANTIMO TABLET,,,,,,,1-0089,,,,,,,,,,,430,0
OBAT           ,APIALYS DROP 10 ML,,,,,,,1-0091,,,,,,,,,,,44000,0
OBAT           ,APIALYS SYRUP 100 ML,,,,,,,1-0092,,,,,,,,,,,36300,0
OBAT           ,ARKINE TABLET,,,,,,,1-0096,,,,,,,,,,,677,0
OBAT           ,ASAM MEFENAMAT 500 MG KAPLET,,,,,,,1-0098,,,,,,,,,,,343.75,0
OBAT           ,ASAM VALPROAT SYRUP,,,,,,,1-0099,,,,,,,,,,,44000,0
OBAT           ,ASPILET CHEW TAB,,,,,,,1-0101,,,,,,,,,,,583,0
OBAT           ,ASTHAROL SIRUP 60 ML,,,,,,,1-0102,,,,,,,,,,,16170,0
OBAT           ,ASTHAROL TAB 4 MG,,,,,,,1-0103,,,,,,,,,,,1254,0
OBAT           ,AVIL 25 MG TABLET,,,,,,,1-0111,,,,,,,,,,,2000,0
OBAT           ,AZOMAX DRY SYRUP,,,,,,,1-0113,,,,,,,,,,,111900,0
OBAT           ,AZYTHROMYCIN DRY SYRUP,,,,,,,1-0115,,,,,,,,,,,49500,0
OBAT           ,BECOM - C KAPLET,,,,,,,1-0126,,,,,,,,,,,1430,0
OBAT           ,BECOM Z KAPLET,,,,,,,1-0127,,,,,,,,,,,1903,0
OBAT           ,BETADIN KUMUR 100 ML,,,,,,,1-0133,,,,,,,,,,,13365,0
OBAT           ,BETASON - N KRIM 5 G,,,,,,,1-0141,,,,,,,,,,,13475,0
OBAT           ,BIAYA PUYER,,,,,,,1-0142,,,,,,,,,,,1819,0
OBAT           ,BIO - ATP KAPLET,,,,,,,1-0144,,,,,,,,,,,2355.98,0
OBAT           ,BIOPLACENTON JELLY 15 G,,,,,,,1-0154,,,,,,,,,,,17050,0
OBAT           ,BIOTHICOL 250 MG KAPSUL,,,,,,,1-0158,,,,,,,,,,,1958,0
OBAT           ,BIOTHICOL 500 MG KAPSUL,,,,,,,1-0159,,,,,,,,,,,3916,0
OBAT           ,BIOTHICOL DRY SYRUP 60 ML,,,,,,,1-0160,,,,,,,,,,,22440,0
OBAT           ,BIOTHICOL FORTE DS 60 ML,,,,,,,1-0161,,,,,,,,,,,62040,0
ALAT KESEHATAN ,BLADE MESS AESCULAP 11,,,,,,,1-0169,,,,,,,,,,,2999.7,0
OBAT           ,BLEDSTOP TABLET,,,,,,,1-0172,,,,,,,,,,,805,0
OBAT           ,BLESIFEN TABLET,,,,,,,1-1843,,,,,,,,,,,13508,0
ALAT KESEHATAN ,BLOOD SET TERUMO (TBA),,,,,,,1-0175,,,,,,,,,,,28050,0
               ,BLOODSET COSMO,,,,,,,1-1457,,,,,,,,,,,6122.6,0
OBAT           ,BOORTALK 3% 100 G,,,,,,,1-0177,,,,,,,,,,,5000,0
OBAT           ,BOORTALK 5% 100 G,,,,,,,1-0178,,,,,,,,,,,5000,0
OBAT           ,BRAXIDIN TABLET,,,,,,,1-0182,,,,,,,,,,,1100,0
OBAT           ,BREATHY TETES HIDUNG,,,,,,,1-0183,,,,,,,,,,,41250,0
OBAT           ,BRONKIPECT TABLET,,,,,,,1-1772,,,,,,,,,,,990,0
OBAT           ,BUFFER FORMALIN 10% 1 LITER,,,,,,,1-1802,,,,,,,,,,,225500,0
OBAT           ,BUFFER FORMALIN 10% 500 ML,,,,,,,1-1801,,,,,,,,,,,112750,0
OBAT           ,BURNAZIN KRIM 35 G,,,,,,,1-0190,,,,,,,,,,,56045,0
ALAT KESEHATAN ,BYE-BYE FEVER ANAK,,,,,,,1-0193,,,,,,,,,,,9087,0
OBAT           ,BYE-BYE FEVER BAYI,,,,,,,1-0194,,,,,,,,,,,6381.1,0
OBAT           ,CAL-95 KAPLET,,,,,,,1-0196,,,,,,,,,,,5720,0
OBAT           ,CAPTOPRIL 25 MG TABLET,,,,,,,1-0205,,,,,,,,,,,180,0
ALAT KESEHATAN ,CATGUT PLAIN 3/0 SELLA,,,,,,,1-0210,,,,,,,,,,,10450,0
OBAT           ,CEFADROXIL 500 MG KAPSUL,,,,,,,1-0214,,,,,,,,,,,1210,0
OBAT           ,CEFAT 250 MG KAPSUL,,,,,,,1-0216,,,,,,,,,,,5527.5,0
OBAT           ,CEFAT 500 MG KAPSUL,,,,,,,1-0217,,,,,,,,,,,10884.5,0
OBAT           ,CEFAT DRY SYRUP 60 ML,,,,,,,1-0218,,,,,,,,,,,45980,0
OBAT           ,CEFAT FORTE DRY SYRUP 60 ML,,,,,,,1-0219,,,,,,,,,,,79530,0
OBAT           ,CEFILA 100MG,,,,,,,1-0220,,,,,,,,,,,21450,0
OBAT           ,CEFILA DROP / DRY SYRUP,,,,,,,1-1694,,,,,,,,,,,91300,0
OBAT           ,CEFIXIM 100 MG KAPSUL,,,,,,,1-0221,,,,,,,,,,,985,0
OBAT           ,CEFIXIME DRY SYRUP 30 ML,,,,,,,1-0222,,,,,,,,,,,24900,0
OBAT           ,CEFSPAN 100 MG KAPSUL,,,,,,,1-0225,,,,,,,,,,,24200,0
OBAT           ,CEFSPAN 200 MG KAPSUL,,,,,,,1-0226,,,,,,,,,,,38500,0
OBAT           ,CEFSPAN DRY SYRUP 30 ML,,,,,,,1-0228,,,,,,,,,,,108900,0
OBAT           ,"CENDO GENTA 0,3% SALEP MATA",,,,,,,1-0234,,,,,,,,,,,40013,0
OBAT           ,CENDO STATROL T.M. 5 ML,,,,,,,1-0237,,,,,,,,,,,20075,0
OBAT           ,CENDO XITROL T.M. 5 ML,,,,,,,1-0238,,,,,,,,,,,29975,0
OBAT           ,CEPHALEXIN 500 MG KAPSUL,,,,,,,1-0240,,,,,,,,,,,1198.8,0
OBAT           ,CERINI SYRUP,,,,,,,1-0241,,,,,,,,,,,42680,0
OBAT           ,CETINAL SYRUP,,,,,,,1-0245,,,,,,,,,,,60500,0
OBAT           ,CETINAL TABLET KUNYAH 10 MG,,,,,,,1-0246,,,,,,,,,,,5500,0
OBAT           ,CETIRIZINE 10MG KAP,,,,,,,1-0247,,,,,,,,,,,313.5,0
OBAT           ,CHLORAMPHENICOL 250 MG,,,,,,,1-0255,,,,,,,,,,,216,0
OBAT           ,CHORAMPECORT-H KRIM,,,,,,,1-1748,,,,,,,,,,,12650,0
OBAT           ,CIMETIDIN 200 MG TABLET,,,,,,,1-0260,,,,,,,,,,,138,0
OBAT           ,CIPROFLOXACIN 500 MG TABLET,,,,,,,1-0262,,,,,,,,,,,400,0
OBAT           ,CLANEKSI 500 MG KAPLET,,,,,,,1-0268,,,,,,,,,,,12925,0
OBAT           ,CLANEKSI DRY SYRUP 60 ML,,,,,,,1-0269,,,,,,,,,,,56980,0
OBAT           ,CLANEKSI FORTE DRY SYRUP 60 ML,,,,,,,1-0270,,,,,,,,,,,75570,0
OBAT           ,CLINDAMYCIN 300 MG KAPSUL,,,,,,,1-0275,,,,,,,,,,,1290,0
OBAT           ,CLINMAS 300 MG KAPSUL,,,,,,,1-1781,,,,,,,,,,,7700,0
OBAT           ,COBAZYM 1000 G KAPSUL,,,,,,,1-0282,,,,,,,,,,,4455,0
OBAT           ,CODEIN 10 MG TABLET,,,,,,,1-0283,,,,,,,,,,,684.97,0
OBAT           ,CODEIN 20 MG TABLET,,,,,,,1-0284,,,,,,,,,,,1623.6,0
OBAT           ,CODIKAF 10 MG TABLET,,,,,,,1-0285,,,,,,,,,,,866.25,0
OBAT           ,CODIKAF 20 MG,,,,,,,1-0286,,,,,,,,,,,1716,0
OBAT           ,COLISTIN 1.500.000 IU TABLET,,,,,,,1-0291,,,,,,,,,,,6850,0
OBAT           ,COLSANCETINE KAPSUL 250 MG,,,,,,,1-0296,,,,,,,,,,,621.5,0
OBAT           ,COMBANTRIN 125 MG TABLET,,,,,,,1-0297,,,,,,,,,,,3325,0
OBAT           ,"COMBIVENT UDV 2,5 ML",,,,,,,1-0300,,,,,,,,,,,18111.01,0
ALAT KESEHATAN ,COMTUSI SYRUP 60ML,,,,,,,1-0302,,,,,,,,,,,38610,0
OBAT           ,CORTIDEX TABLET,,,,,,,1-0306,,,,,,,,,,,308,0
OBAT           ,COTRIMOXSAZOLE TABLET,,,,,,,1-0309,,,,,,,,,,,190,0
OBAT           ,CRIPSA,,,,,,,1-0312,,,,,,,,,,,16687,0
OBAT           ,CURVIT CL EMULSION,,,,,,,1-0316,,,,,,,,,,,51150,0
ALAT KESEHATAN ,CUTIMED SORBACT 72165-00 SWAB 7X9 CM,,,,,,,1-1859,,,,,,,,,,,60500,0
ALAT KESEHATAN ,CUTIMED-SILTEC 10X10 CM,,,,,,,1-1857,,,,,,,,,,,99000,0
OBAT           ,CYCLOPROGINOVA,,,,,,,1-0321,,,,,,,,,,,167538.8,0
OBAT           ,CYTOTEC 200 MCG TABLET,,,,,,,1-0324,,,,,,,,,,,22110,0
OBAT           ,DALACIN - C 300 MG KAPSUL,,,,,,,1-0334,,,,,,,,,,,18501.67,0
OBAT           ,DEHIDRALYTE 200 ML,,,,,,,1-0344,,,,,,,,,,,16500,0
ALAT KESEHATAN ,DERMAFIX-S 6 x 7,,,,,,,1-1592,,,,,,,,,,,3484.8,0
OBAT           ,DESOLEX - N KRIM 10 G,,,,,,,1-0353,,,,,,,,,,,31350,0
OBAT           ,DESOLEX KRIM 10 G,,,,,,,1-0354,,,,,,,,,,,22715,0
OBAT           ,"DEXAMETHASON 0,5 MG TABLET",,,,,,,1-0355,,,,,,,,,,,155,0
OBAT           ,DEXTAFEN TAB,,,,,,,1-1476,,,,,,,,,,,1650,0
OBAT           ,DEXTRAL KAPLET,,,,,,,1-0357,,,,,,,,,,,531.67,0
OBAT           ,DIFLUCAN 150 MG KAPSUL,,,,,,,1-0363,,,,,,,,,,,118874.4,0
OBAT           ,DIGOXIN TABLET,,,,,,,1-0365,,,,,,,,,,,143,0
OBAT           ,DILTIAZEM 30 MG,,,,,,,1-0367,,,,,,,,,,,200,0
OBAT           ,DISFLATYL 40 MG TABLET,,,,,,,1-0371,,,,,,,,,,,650,0
OBAT           ,DOMPERIDONE 10MG TABLET,,,,,,,1-0379,,,,,,,,,,,403.62,0
OBAT           ,DOPAMET 250 MG,,,,,,,1-0380,,,,,,,,,,,2057,0
OBAT           ,DULCOLACTOL SYRUP 60 ML,,,,,,,1-0385,,,,,,,,,,,61820,0
OBAT           ,DULCOLAX 5 MG TABLET,,,,,,,1-0386,,,,,,,,,,,1400.58,0
OBAT           ,DULCOLAX SUPP ADULT 10 MG,,,,,,,1-0387,,,,,,,,,,,22693,0
OBAT           ,DULCOLAX SUPP INFANT 5 MG,,,,,,,1-0388,,,,,,,,,,,16266.33,0
OBAT           ,DUMIN 500 MG TABLET,,,,,,,1-0389,,,,,,,,,,,489.5,0
OBAT           ,DUMIN REKTAL TUBE 125 MG,,,,,,,1-0390,,,,,,,,,,,15510,0
OBAT           ,DUMIN REKTAL TUBE 250 MG,,,,,,,1-0391,,,,,,,,,,,21670,0
OBAT           ,DUMIN SYRUP 60 ML,,,,,,,1-0392,,,,,,,,,,,21450,0
OBAT           ,DUMOCALCIN CHOC TABLET,,,,,,,1-0393,,,,,,,,,,,554.58,0
OBAT           ,DUPHASTON TABLET,,,,,,,1-0394,,,,,,,,,,,18145,0
OBAT           ,"DUROGESIC 12,5",,,,,,,1-0396,,,,,,,,,,,125400,0
OBAT           ,DUVADILAN TABLET,,,,,,,1-0399,,,,,,,,,,,5500,0
OBAT           ,EDORISAN DROP,,,,,,,1-0403,,,,,,,,,,,51920,0
OBAT           ,ELKANA CL EMULSI 120ML,,,,,,,1-0404,,,,,,,,,,,51150,0
OBAT           ,ELKANA SYRUP,,,,,,,1-0405,,,,,,,,,,,21835,0
OBAT           ,ELKANA TABLET,,,,,,,1-0406,,,,,,,,,,,836,0
OBAT           ,ELOCON KRIM 5 G,,,,,,,1-0407,,,,,,,,,,,67210,0
OBAT           ,ELOX KRIM 5 G,,,,,,,1-0408,,,,,,,,,,,48400,0
OBAT           ,ENTRAKID VANILA/COKLAT 185 G,,,,,,,1-0438,,,,,,,,,,,47190,0
OBAT           ,ENYSTIN PAED DROP,,,,,,,1-0441,,,,,,,,,,,37400,0
OBAT           ,EPEXOL 30 MG TABLET,,,,,,,1-0443,,,,,,,,,,,891,0
OBAT           ,EPEXOL DROP,,,,,,,1-1528,,,,,,,,,,,40370,0
OBAT           ,EPEXOL SYRUP,,,,,,,1-0444,,,,,,,,,,,18480,0
OBAT           ,ERYSANBE 200 MG CHEWABLE,,,,,,,1-0453,,,,,,,,,,,1727,0
OBAT           ,ERYSANBE 250 MG KAPSUL,,,,,,,1-0454,,,,,,,,,,,1485,0
OBAT           ,ERYSANBE 500 MG KAPLET,,,,,,,1-0455,,,,,,,,,,,2849,0
OBAT           ,ERYSANBE DRY SYRUP 60 ML,,,,,,,1-0456,,,,,,,,,,,23760,0
OBAT           ,ERYTHROMYCIN 500,,,,,,,1-0457,,,,,,,,,,,1071.43,0
OBAT           ,F.G. TROCHES TABLET,,,,,,,1-0470,,,,,,,,,,,1164.77,0
OBAT           ,FARSORBID 5 MG,,,,,,,1-0478,,,,,,,,,,,223,0
OBAT           ,FERRIZ DROP 15 ML,,,,,,,1-0489,,,,,,,,,,,33000,0
OBAT           ,FERRIZ SYRUP 100 ML,,,,,,,1-0490,,,,,,,,,,,33000,0
ALAT KESEHATAN ,FIXOMULL 10CMX5M,,,,,,,1-0493,,,,,,,,,,,107800,0
OBAT           ,FLAGYL SYRUP 60ML,,,,,,,1-0497,,,,,,,,,,,58506,0
OBAT           ,FLAMAR 50 MG TABLET,,,,,,,1-0499,,,,,,,,,,,3718,0
OBAT           ,FLORAGYN TABLET,,,,,,,1-1780,,,,,,,,,,,12100,0
OBAT           ,FLUIMUCIL 200 MG KAPSUL,,,,,,,1-0501,,,,,,,,,,,6031.67,0
OBAT           ,FLUNARIZIN 5MG TAB,,,,,,,1-0503,,,,,,,,,,,2020,0
OBAT           ,FOLAMIL GENIO KAPLET,,,,,,,1-0504,,,,,,,,,,,4180,0
OBAT           ,FOLAMIL GOLD,,,,,,,1-1536,,,,,,,,,,,4400,0
OBAT           ,FOLAMIL KAPLET,,,,,,,1-0505,,,,,,,,,,,1650,0
OBAT           ,FOLAVIT 400 µG TABLET,,,,,,,1-0507,,,,,,,,,,,891,0
ALAT KESEHATAN ,FOLLEY CATHERET 10 RUSCH,,,,,,,1-0511,,,,,,,,,,,48400,0
ALAT KESEHATAN ,FOLLEY CATHETER 12 RUSCH,,,,,,,1-0512,,,,,,,,,,,17600,0
ALAT KESEHATAN ,FOLLEY CATHETER 16 RUSCH,,,,,,,1-0516,,,,,,,,,,,16280,0
ALAT KESEHATAN ,FOLLEY CATHETER 6 RUSCH,,,,,,,1-0518,,,,,,,,,,,148500,0
OBAT           ,FORMUNO KAPLET,,,,,,,1-0521,,,,,,,,,,,6765,0
OBAT           ,FULADIC KRIM 5 G,,,,,,,1-0525,,,,,,,,,,,58300,0
OBAT           ,FUROSEMIDE 40 MG TABLET,,,,,,,1-0527,,,,,,,,,,,433.33,0
OBAT           ,GASTRUL 200 MCG TABLET,,,,,,,1-0538,,,,,,,,,,,12100,0
OBAT           ,"GENTAMICIN 0,1% 5 G SALEP",,,,,,,1-0539,,,,,,,,,,,3651,0
OBAT           ,GITAS PLUS KAPLET,,,,,,,1-0543,,,,,,,,,,,6352.5,0
OBAT           ,GLIBENCLAMIDE TABLET 5 MG,,,,,,,1-0544,,,,,,,,,,,108,0
OBAT           ,GLIMEPIRIDE 3 TAB,,,,,,,1-0547,,,,,,,,,,,1320,0
OBAT           ,GLISODIN KAPSUL,,,,,,,1-0550,,,,,,,,,,,6233.33,0
OBAT           ,GLYCERIN 1 ML,,,,,,,1-0560,,,,,,,,,,,60.5,0
OBAT           ,GP-FERTIL TAB,,,,,,,1-1796,,,,,,,,,,,13310,0
OBAT           ,GRISEOFALVIN 500 TAB,,,,,,,1-1865,,,,,,,,,,,1900,0
ALAT KESEHATAN ,HANSAPLAST DISNEY,,,,,,,1-0566,,,,,,,,,,,1666.67,0
ALAT KESEHATAN ,"HANSAPLAST ROL 1,25 X 1 M",,,,,,,1-1489,,,,,,,,,,,3000,0
ALAT KESEHATAN ,HANSAPLAST SILVER CARE,,,,,,,1-0567,,,,,,,,,,,250,0
OBAT           ,HCT 25 MG TABLET,,,,,,,1-0568,,,,,,,,,,,139.5,0
OBAT           ,HEMOBION KAPSUL,,,,,,,1-0569,,,,,,,,,,,2032.22,0
OBAT           ,HEPTASAN 4 MG TABLET,,,,,,,1-0575,,,,,,,,,,,341,0
OBAT           ,HIBONE ACTIVE CHEW,,,,,,,1-0586,,,,,,,,,,,2970,0
OBAT           ,HIDROCORTISONE 1% KRIM 5 G,,,,,,,1-0587,,,,,,,,,,,6600,0
OBAT           ,"HIDROCORTISONE 2,5% KRIM 5 G",,,,,,,1-0588,,,,,,,,,,,8800,0
OBAT           ,IBUPROFEN 400 MG TABLET,,,,,,,1-0597,,,,,,,,,,,300,0
OBAT           ,"ILIADIN KINDER 0,025% TETES HIDUNG",,,,,,,1-0599,,,,,,,,,,,51590,0
OBAT           ,IMODIUM TABLET,,,,,,,1-0602,,,,,,,,,,,7295.66,0
OBAT           ,IMUNOS PLUS KAPLET,,,,,,,1-0605,,,,,,,,,,,9900,0
OBAT           ,IMUNOS PLUS SYR 60ML,,,,,,,1-0606,,,,,,,,,,,101200,0
OBAT           ,INFATRINI POWDER 400G,,,,,,,1-1532,,,,,,,,,,,218500.7,0
OBAT           ,INFUSAN NS PYGGYBACK 100 ML,,,,,,,1-0617,,,,,,,,,,,12841.09,0
OBAT           ,INTERLAC CHEWABLE TABLET,,,,,,,1-0633,,,,,,,,,,,9900,0
OBAT           ,INTERLAC DROP,,,,,,,1-0634,,,,,,,,,,,269500,0
OBAT           ,INTERLAC SACHET,,,,,,,1-1539,,,,,,,,,,,12100,0
OBAT           ,INTERMOXIL 500  TABLET,,,,,,,1-0636,,,,,,,,,,,3243,0
OBAT           ,INTERZINC SYRUP,,,,,,,1-0637,,,,,,,,,,,41250,0
OBAT           ,INTERZINC TABLET,,,,,,,1-0638,,,,,,,,,,,4125,0
ALAT KESEHATAN ,INTRAFIX SAFESET,,,,,,,1-0639,,,,,,,,,,,23999.8,0
OBAT           ,IPROX SYR,,,,,,,1-0646,,,,,,,,,,,49500,0
OBAT           ,ISOPRINOSINE 500 MG TABLET,,,,,,,1-0650,,,,,,,,,,,13426.88,0
OBAT           ,ISPRINOL SYR 60 ML,,,,,,,1-0653,,,,,,,,,,,82500,0
ALAT KESEHATAN ,IUD ANDALAN,,,,,,,1-1622,,,,,,,,,,,30000,0
ALAT KESEHATAN ,JARUM 23 G TERUMO,,,,,,,1-0661,,,,,,,,,,,1980,0
ALAT KESEHATAN ,JARUM 25 G TERUMO,,,,,,,1-0662,,,,,,,,,,,2475,0
OBAT           ,"KALMETHASON 0,5 TABLET",,,,,,,1-0675,,,,,,,,,,,110,0
OBAT           ,KALNEX 500MG TABLET,,,,,,,1-0680,,,,,,,,,,,3520,0
OBAT           ,KALSIUM LAKTAT,,,,,,,1-0684,,,,,,,,,,,116.99,0
OBAT           ,KANAMYCIN MEIJI 250 MG KAPSUL,,,,,,,1-0688,,,,,,,,,,,1485,0
OBAT           ,KANDISTATIN SUSPENSI 12 ML,,,,,,,1-0689,,,,,,,,,,,38500,0
OBAT           ,KAPSUL KOSONG NO. 0,,,,,,,1-0691,,,,,,,,,,,50,0
OBAT           ,KAPSUL KOSONG NO. 00,,,,,,,1-1628,,,,,,,,,,,75.28,0
OBAT           ,KAPSUL KOSONG NO. 1,,,,,,,1-1629,,,,,,,,,,,50,0
OBAT           ,KAPSUL KOSONG NO. 2,,,,,,,1-1630,,,,,,,,,,,46.25,0
ALAT KESEHATAN ,KASA STERIL HUSADA 16X16,,,,,,,1-0694,,,,,,,,,,,2200,0
OBAT           ,KENALOG IN ORABASE,,,,,,,1-0700,,,,,,,,,,,54450,0
OBAT           ,KETOCONAZOL KRIM,,,,,,,1-0702,,,,,,,,,,,4666.2,0
OBAT           ,KETOCONAZOLE TAB,,,,,,,1-0703,,,,,,,,,,,398.99,0
OBAT           ,L- ZINC SYRUP,,,,,,,1-0710,,,,,,,,,,,36300,0
OBAT           ,L-BIO SACHET,,,,,,,1-0740,,,,,,,,,,,7700,0
OBAT           ,LACTACYD LIQUID 60 ML,,,,,,,1-0713,,,,,,,,,,,25300,0
OBAT           ,LACTO-B 1 G SACHET,,,,,,,1-0718,,,,,,,,,,,6490,0
OBAT           ,LAKTAFIT TABLET,,,,,,,1-0720,,,,,,,,,,,2970,0
OBAT           ,LAMESON 16 MG TABLET,,,,,,,1-0721,,,,,,,,,,,8800,0
OBAT           ,LAMESON 4 MG TABLET,,,,,,,1-0722,,,,,,,,,,,3575,0
OBAT           ,LAMESON 8 MG TABLET,,,,,,,1-0723,,,,,,,,,,,5830,0
ALAT KESEHATAN ,LAMINARIA L,,,,,,,1-1658,,,,,,,,,,,82500,0
OBAT           ,LANSOPRAZOL 30MG,,,,,,,1-0726,,,,,,,,,,,1415,0
OBAT           ,LAPICEF DROP,,,,,,,1-1677,,,,,,,,,,,57200,0
OBAT           ,LAPRAZ 30 MG KAPSUL,,,,,,,1-0731,,,,,,,,,,,12853.5,0
OBAT           ,LASIK TABLET 40 MG,,,,,,,1-0734,,,,,,,,,,,5398.2,0
OBAT           ,LASIX INJEKSI,,,,,,,1-0735,,,,,,,,,,,18700,0
OBAT           ,LAXADINE SYRUP 60 ML,,,,,,,1-0738,,,,,,,,,,,41250,0
OBAT           ,LAXOBERON DROP 10 ML,,,,,,,1-0739,,,,,,,,,,,88220,0
OBAT           ,LEGRA 100 MG TABLET,,,,,,,1-1836,,,,,,,,,,,79200,0
OBAT           ,LEPSIO SYRUP,,,,,,,1-0742,,,,,,,,,,,82500,0
OBAT           ,LEVOFLOXACIN 500 MG,,,,,,,1-0747,,,,,,,,,,,1153.68,0
               ,LEVOFLOXACIN INFUS,,,,,,,1-1497,,,,,,,,,,,55000,0
OBAT           ,LIDOCAIN INJEKSI 2 %,,,,,,,1-0750,,,,,,,,,,,1760,0
OBAT           ,LIKURMIN SYRUP 100 ML,,,,,,,1-0752,,,,,,,,,,,44000,0
OBAT           ,LIPROLAC SACHET,,,,,,,1-0754,,,,,,,,,,,6966.67,0
OBAT           ,LISINOPRIL 5MG,,,,,,,1-0756,,,,,,,,,,,450,0
OBAT           ,LODIA TABLET,,,,,,,1-0758,,,,,,,,,,,1072.5,0
OBAT           ,LOUMATULLE,,,,,,,1-0764,,,,,,,,,,,14300,0
OBAT           ,MALTOFER CHEW TAB,,,,,,,1-0771,,,,,,,,,,,2915,0
ALAT KESEHATAN ,MASKER HIJAB,,,,,,,1-1462,,,,,,,,,,,550,0
ALAT KESEHATAN ,MASKER O2 ANAK,,,,,,,1-0779,,,,,,,,,,,12545.5,0
ALAT KESEHATAN ,MASKER O2 DEWASA,,,,,,,1-0781,,,,,,,,,,,12545.5,0
OBAT           ,MEFINAL 250 MG KAPSUL,,,,,,,1-0795,,,,,,,,,,,654.5,0
OBAT           ,MEFINAL 500 MG KAPLET,,,,,,,1-0796,,,,,,,,,,,1430,0
OBAT           ,MEGAZING TABLET,,,,,,,1-1792,,,,,,,,,,,3025,0
OBAT           ,MEIXAM 500 MG KAPSUL,,,,,,,1-0799,,,,,,,,,,,3642.65,0
OBAT           ,MERCOTIN DROPS 20 ML,,,,,,,1-0802,,,,,,,,,,,87028.7,0
OBAT           ,MERTIGO TABLET,,,,,,,1-0808,,,,,,,,,,,3520,0
OBAT           ,METFORMIN TABLET,,,,,,,1-0810,,,,,,,,,,,195,0
OBAT           ,METFORMIN TABLET 850MG,,,,,,,1-0811,,,,,,,,,,,429,0
OBAT           ,METHYL PREDNISOLON 4 MG TAB,,,,,,,1-0815,,,,,,,,,,,484.61,0
OBAT           ,METHYL PREDNISOLON 8 MG TAB,,,,,,,1-1790,,,,,,,,,,,585,0
OBAT           ,METRONIDAZOLE 500 MG TABLET,,,,,,,1-0817,,,,,,,,,,,195,0
OBAT           ,METRONIDAZOLE INFUS,,,,,,,1-0818,,,,,,,,,,,39820,0
OBAT           ,MEZATRIN 250 MG KAPSUL,,,,,,,1-0821,,,,,,,,,,,15532,0
OBAT           ,MICONAZOLE 2% KRIM 10 G,,,,,,,1-0826,,,,,,,,,,,3575,0
OBAT           ,MICROGYNON 28 LIBI TABLET,,,,,,,1-0827,,,,,,,,,,,14600,0
OBAT           ,MICROLAX ENEMA 5 ML,,,,,,,1-0828,,,,,,,,,,,20625,0
ALAT KESEHATAN ,MIKROMIZE DEWASA,,,,,,,1-0832,,,,,,,,,,,15972,0
ALAT KESEHATAN ,MIKROMIZE PEDIATRIK,,,,,,,1-0834,,,,,,,,,,,15972,0
OBAT           ,MINYAK KAYU PUTIH LANG 60ML,,,,,,,1-0843,,,,,,,,,,,18150,0
OBAT           ,MINYAK TELON GAJAH 60ML,,,,,,,1-0846,,,,,,,,,,,10333,0
OBAT           ,MONELL DROP,,,,,,,1-0854,,,,,,,,,,,46750,0
OBAT           ,MORINAGA BMT P-HP 400 G,,,,,,,1-0859,,,,,,,,,,,144100,0
OBAT           ,MORINAGA BMT SOYA 300G,,,,,,,1-0863,,,,,,,,,,,85470,0
OBAT           ,MORINAGA CHIL MIL P-HP 400 G,,,,,,,1-0865,,,,,,,,,,,134933.7,0
OBAT           ,MORINAGA CHIL MIL SOYA 300 G,,,,,,,1-0866,,,,,,,,,,,83435,0
OBAT           ,MORINAGA NL 33 350 G,,,,,,,1-0867,,,,,,,,,,,85800,0
OBAT           ,MUCERA SYRUP,,,,,,,1-1475,,,,,,,,,,,24200,0
OBAT           ,MUCERA TAB,,,,,,,1-1487,,,,,,,,,,,1210,0
OBAT           ,MUCOHEXIN TABLET,,,,,,,1-0871,,,,,,,,,,,495,0
OBAT           ,MUCOPECT DROP 20 ML,,,,,,,1-0873,,,,,,,,,,,67705,0
ALAT KESEHATAN ,MUKUS EXTRACTOR  ONEMED,,,,,,,1-1463,,,,,,,,,,,7744,0
OBAT           ,MYCO-Z OINTMENT 10 G,,,,,,,1-0879,,,,,,,,,,,74250,0
OBAT           ,MYLANTA LIQUID 50 ML,,,,,,,1-0881,,,,,,,,,,,12067,0
ALAT KESEHATAN ,NASAL CANNULA ADULT,,,,,,,1-0885,,,,,,,,,,,8470,0
ALAT KESEHATAN ,NASAL CANNULA NEONATUS,,,,,,,1-0886,,,,,,,,,,,5808,0
OBAT           ,NASONEX SPRAY HIDUNG,,,,,,,1-0888,,,,,,,,,,,234300,0
OBAT           ,NATRIUM DIKLOFENAK 50 MG,,,,,,,1-0890,,,,,,,,,,,352.64,0
OBAT           ,NECIBLOK SUSPENSI 100 ML,,,,,,,1-0894,,,,,,,,,,,57200,0
ALAT KESEHATAN ,NEO GYNOXA OVULA,,,,,,,1-1722,,,,,,,,,,,15180,0
OBAT           ,NEOCATE LCP MULTIPACK 2 X 400 GR,,,,,,,1-1787,,,,,,,,,,,183675.25,0
ALAT KESEHATAN ,NEOFLON BD 24,,,,,,,1-0899,,,,,,,,,,,34155,0
OBAT           ,NEURALGIN RX TABLET,,,,,,,1-0901,,,,,,,,,,,608.64,0
OBAT           ,NEUROSANBE INJEKSI,,,,,,,1-0905,,,,,,,,,,,5467,0
OBAT           ,NEUROSANBE PLUS TABLET,,,,,,,1-0906,,,,,,,,,,,1127.5,0
OBAT           ,NEUROSANBE TABLET,,,,,,,1-0907,,,,,,,,,,,1193.5,0
OBAT           ,NEW DIATABS TABLET,,,,,,,1-0908,,,,,,,,,,,557.15,0
OBAT           ,NIFEDIPIN 10 MG TABLET,,,,,,,1-0910,,,,,,,,,,,145,0
OBAT           ,NIFURAL SYRUP 60 ML,,,,,,,1-0913,,,,,,,,,,,69600,0
OBAT           ,NIPE DROP 15 ML,,,,,,,1-0915,,,,,,,,,,,67210,0
OBAT           ,NONEMI TABLET,,,,,,,1-1779,,,,,,,,,,,1815,0
OBAT           ,NORELUT 5 MG TABLET,,,,,,,1-0921,,,,,,,,,,,4730,0
OBAT           ,NORESTIL TAB 5 MG,,,,,,,1-1695,,,,,,,,,,,4400,0
ALAT KESEHATAN ,NOVA T,,,,,,,1-0926,,,,,,,,,,,302814.6,0
OBAT           ,NOVALGIN KAPLET 500 MG,,,,,,,1-0928,,,,,,,,,,,1456.28,0
OBAT           ,NOVOTWIST 32G,,,,,,,1-0932,,,,,,,,,,,2550,0
OBAT           ,NS 25 ML OTSUKA,,,,,,,1-0935,,,,,,,,,,,6954.2,0
OBAT           ,NS PYGGYBACK OTSUKA 100 CC,,,,,,,1-0938,,,,,,,,,,,15180,0
OBAT           ,NUCRAL SUSPENSI 100 ML,,,,,,,1-1821,,,,,,,,,,,53350,0
OBAT           ,NULACTA FOR MOTHER,,,,,,,1-0942,,,,,,,,,,,4840,0
OBAT           ,NUTRIBABY PREMATURE,,,,,,,1-0950,,,,,,,,,,,105769.4,0
OBAT           ,NUTRIMAMA 1 (BOTOL),,,,,,,1-0962,,,,,,,,,,,8539.67,0
OBAT           ,NUTRIMAMA 2 (BOTOL),,,,,,,1-0964,,,,,,,,,,,8539.67,0
OBAT           ,NUTRIMAMA 3 (BOTOL),,,,,,,1-0966,,,,,,,,,,,8539.67,0
OBAT           ,NUTRINIDRIK 400 GR VAN,,,,,,,1-1545,,,,,,,,,,,160517.5,0
OBAT           ,NUZYM TABLET,,,,,,,1-0968,,,,,,,,,,,7150,0
OBAT           ,NYMIKO SUSPENSI DROP,,,,,,,1-0969,,,,,,,,,,,35310,0
OBAT           ,NYSTATIN 500.000 IU TABLET,,,,,,,1-0970,,,,,,,,,,,753.25,0
OBAT           ,OBH SYRUP,,,,,,,1-0973,,,,,,,,,,,4449.5,0
OBAT           ,OCUSON TABLET,,,,,,,1-0976,,,,,,,,,,,1391.5,0
OBAT           ,OMEPRAZOLE 20 MG KAPSUL,,,,,,,1-0978,,,,,,,,,,,312.5,0
OBAT           ,OMEPRAZOLE INJ,,,,,,,1-1485,,,,,,,,,,,2182,0
OBAT           ,ONDANSENTRON INJEKSI,,,,,,,1-0983,,,,,,,,,,,7700,0
ALAT KESEHATAN ,ONDANSENTRON TABLET 4MG,,,,,,,1-0984,,,,,,,,,,,959,0
ALAT KESEHATAN ,OPICEF DS 60ML,,,,,,,1-0985,,,,,,,,,,,46200,0
OBAT           ,OPILAX SYRUP 60 ML,,,,,,,1-0987,,,,,,,,,,,55000,0
ALAT KESEHATAN ,OPSITE POST-OP 25X10 CM,,,,,,,1-0989,,,,,,,,,,,41800,0
ALAT KESEHATAN ,OREZINC SYR,,,,,,,1-0993,,,,,,,,,,,35433.2,0
OBAT           ,OSFIT DHA KAPSUL,,,,,,,1-0994,,,,,,,,,,,4693.33,0
OBAT           ,OTTOPAN SYR,,,,,,,1-1001,,,,,,,,,,,18700,0
OBAT           ,OXOFERIN SOL 30 ML,,,,,,,1-1002,,,,,,,,,,,77000,0
OBAT           ,PAMOL 125 MG SUPP,,,,,,,1-1868,,,,,,,,,,,14300,0
OBAT           ,PAMOL 250 MG SUPP,,,,,,,1-1869,,,,,,,,,,,18810,0
OBAT           ,PANVELL  40 MG TAB,,,,,,,1-1515,,,,,,,,,,,14850,0
OBAT           ,PARASETAMOL 500 MG TABLET (STRIP),,,,,,,1-1012,,,,,,,,,,,196.56,0
OBAT           ,PEHACAIN INJEKSI,,,,,,,1-1020,,,,,,,,,,,3113.05,0
OBAT           ,PHAROLIT SITRAS SACHET,,,,,,,1-1026,,,,,,,,,,,1356.67,0
ALAT KESEHATAN ,PHENITOIN KAPSUL,,,,,,,1-1027,,,,,,,,,,,900,0
OBAT           ,PIBAKSIN SLP,,,,,,,1-1627,,,,,,,,,,,44000,0
OBAT           ,POT R 10,,,,,,,1-1765,,,,,,,,,,,600,0
OBAT           ,POT R 20,,,,,,,1-1766,,,,,,,,,,,900,0
OBAT           ,PREDNISON TABLET,,,,,,,1-1047,,,,,,,,,,,97,0
OBAT           ,PREGNOLIN 5 MG TABLET,,,,,,,1-1050,,,,,,,,,,,3960,0
OBAT           ,PRIMOLUT - N 5 MG TABLET,,,,,,,1-1056,,,,,,,,,,,5585.9,0
OBAT           ,PRO TB 3,,,,,,,1-1494,,,,,,,,,,,4675,0
OBAT           ,PRO TB 4,,,,,,,1-1495,,,,,,,,,,,5426.65,0
ALAT KESEHATAN ,PROBIOKID SACHET,,,,,,,1-1062,,,,,,,,,,,13695,0
OBAT           ,PROBIOSTIM,,,,,,,1-1647,,,,,,,,,,,10505,0
OBAT           ,PROFENID 100 MG SUPPOSITORIA,,,,,,,1-1063,,,,,,,,,,,15622.4,0
OBAT           ,PROLIC 300 MG KAPSUL,,,,,,,1-1070,,,,,,,,,,,7711,0
OBAT           ,PROMAVIT,,,,,,,1-1071,,,,,,,,,,,3630,0
OBAT           ,PRORIS 200 MG KAPLET,,,,,,,1-1077,,,,,,,,,,,968,0
OBAT           ,PRORIS FORTE SYRUP,,,,,,,1-1078,,,,,,,,,,,29700,0
OBAT           ,PRORIS SUSPENSI 60 ML,,,,,,,1-1079,,,,,,,,,,,25300,0
OBAT           ,PROVULA TABLET,,,,,,,1-1083,,,,,,,,,,,15950,0
OBAT           ,"PULMICORT 0,25 MG RESPULES (PEDIATRIK)",,,,,,,1-1086,,,,,,,,,,,19301.54,0
OBAT           ,Q10 - DS SOFTGELS,,,,,,,1-1095,,,,,,,,,,,19008,0
OBAT           ,RANITIDIN INJEKSI,,,,,,,1-1099,,,,,,,,,,,3465,0
OBAT           ,RANITIDIN TABLET 150 MG,,,,,,,1-1100,,,,,,,,,,,182.05,0
OBAT           ,RANIVELL SYRUP,,,,,,,1-1101,,,,,,,,,,,60500,0
OBAT           ,RANTIN INJEKSI,,,,,,,1-1103,,,,,,,,,,,20900,0
ALAT KESEHATAN ,RECTAL TUBE 26,,,,,,,1-1108,,,,,,,,,,,12000,0
ALAT KESEHATAN ,RECTAL TUBE NO24,,,,,,,1-1110,,,,,,,,,,,7500,0
OBAT           ,REGIVEL INJEKSI,,,,,,,1-1113,,,,,,,,,,,77000,0
OBAT           ,REPIMIDE TABLET,,,,,,,1-1117,,,,,,,,,,,2200,0
OBAT           ,RETAPHYL SR TABLET,,,,,,,1-1118,,,,,,,,,,,1134,0
OBAT           ,RHINOFED SUSPENSI 60 ML,,,,,,,1-1120,,,,,,,,,,,27500,0
OBAT           ,RHINOFED TABLET,,,,,,,1-1121,,,,,,,,,,,1870,0
OBAT           ,RHINOS JUNIOR SYRUP,,,,,,,1-1122,,,,,,,,,,,36300,0
OBAT           ,RHINOS NEO DROP,,,,,,,1-1123,,,,,,,,,,,49500,0
OBAT           ,RLD5 OTSUKA 500 CC,,,,,,,1-1130,,,,,,,,,,,17710,0
OBAT           ,ROVADIN SYRUP 100 ml,,,,,,,1-1132,,,,,,,,,,,50600,0
OBAT           ,RYVEL DROP 10MG,,,,,,,1-1134,,,,,,,,,,,55000,0
ALAT KESEHATAN ,RYVEL SYR,,,,,,,1-1135,,,,,,,,,,,55000,0
OBAT           ,S26 GOLD 400 GR,,,,,,,1-1136,,,,,,,,,,,139706.6,0
ALAT KESEHATAN ,S26 GOLD LBW 100 ML,,,,,,,1-1769,,,,,,,,,,,51561.4,0
OBAT           ,S26 PROMIL 1 KOTAK 400 GR,,,,,,,1-1795,,,,,,,,,,,102859.9,0
ALAT KESEHATAN ,SAFELET CATHETER 24 X 3/4,,,,,,,1-1141,,,,,,,,,,,15840,0
ALAT KESEHATAN ,SAFELET CATHETER TERUMO 24GX3/4,,,,,,,1-1144,,,,,,,,,,,20760,0
OBAT           ,SAGESTAM KRIM 10 G,,,,,,,1-1149,,,,,,,,,,,13200,0
OBAT           ,SAGESTAM T.M. 5 ML,,,,,,,1-1150,,,,,,,,,,,30910,0
OBAT           ,SALBRON 4 MG TABLET,,,,,,,1-1664,,,,,,,,,,,400,0
OBAT           ,SALBUTAMOL 4 MG TABLET,,,,,,,1-1152,,,,,,,,,,,115.01,0
OBAT           ,SAN - B - PLEX DROP 15 ML,,,,,,,1-1157,,,,,,,,,,,18590,0
OBAT           ,SANBE KIDS SYRUP,,,,,,,1-1158,,,,,,,,,,,37895,0
OBAT           ,SANBENAFIL 100 MG,,,,,,,1-1799,,,,,,,,,,,94050,0
OBAT           ,SANDEPRIL 50,,,,,,,1-1490,,,,,,,,,,,8800,0
OBAT           ,SANGOBION BABY DROP,,,,,,,1-1450,,,,,,,,,,,33099.99,0
OBAT           ,SANGOBION KIDS SYRUP,,,,,,,1-1451,,,,,,,,,,,26400,0
OBAT           ,SANMAG SYRUP,,,,,,,1-1163,,,,,,,,,,,26840,0
OBAT           ,SANMAG TABLET,,,,,,,1-1164,,,,,,,,,,,929.5,0
OBAT           ,SANMOL 500 MG TAB,,,,,,,1-1459,,,,,,,,,,,308,0
OBAT           ,SANMOL DROP 15 ML,,,,,,,1-1166,,,,,,,,,,,16830,0
OBAT           ,SANMOL INFUS,,,,,,,1-1167,,,,,,,,,,,65560,0
OBAT           ,SANMOL SYRUP 60 ML,,,,,,,1-1168,,,,,,,,,,,12540,0
OBAT           ,SANPRIMA SYRUP 60 ML,,,,,,,1-1170,,,,,,,,,,,27390,0
OBAT           ,SANPRIMA TABLET,,,,,,,1-1171,,,,,,,,,,,957,0
OBAT           ,SANSULIN LOG-G100 UI,,,,,,,1-1822,,,,,,,,,,,180400,0
ALAT KESEHATAN ,SANSULIN PEN,,,,,,,1-1838,,,,,,,,,,,130014.5,0
OBAT           ,SANTA - E TABLET,,,,,,,1-1172,,,,,,,,,,,929.5,0
OBAT           ,SANVITA - B SYRUP 120 ML,,,,,,,1-1175,,,,,,,,,,,13200,0
OBAT           ,SARI KUTUK,,,,,,,1-1853,,,,,,,,,,,40000,0
OBAT           ,SCABIMITE CREAM 10G,,,,,,,1-1176,,,,,,,,,,,45300,0
OBAT           ,SELVIGON SYRUP 100 ML,,,,,,,1-1180,,,,,,,,,,,110330,0
OBAT           ,SIMVASTATIN 20MG,,,,,,,1-1194,,,,,,,,,,,1100,0
OBAT           ,SINCRONIK KAPSUL,,,,,,,1-1196,,,,,,,,,,,8250,0
ALAT KESEHATAN ,SIRPLUS SYRUP,,,,,,,1-1199,,,,,,,,,,,14300,0
ALAT KESEHATAN ,SISTENOL TABLET,,,,,,,1-1200,,,,,,,,,,,2200,0
OBAT           ,SMECTA SACHET,,,,,,,1-1201,,,,,,,,,,,3666.67,0
OBAT           ,SPASMINAL TABLET,,,,,,,1-1210,,,,,,,,,,,612.5,0
OBAT           ,SPIRAMYCIN 500 MG (1.5M IU) TABLET,,,,,,,1-1214,,,,,,,,,,,2068,0
OBAT           ,SPIRONOLAKTON 25 MG,,,,,,,1-1219,,,,,,,,,,,346.37,0
OBAT           ,SPORETIK 100 MG KAPSUL,,,,,,,1-1220,,,,,,,,,,,21208,0
OBAT           ,SPORETIK 200 MG KAPSUL,,,,,,,1-1728,,,,,,,,,,,30635,0
OBAT           ,SPORETIK 50 MG KAPSUL,,,,,,,1-1221,,,,,,,,,,,10120,0
OBAT           ,SPORETIK DRY SYRUP,,,,,,,1-1222,,,,,,,,,,,89540,0
ALAT KESEHATAN ,SPUIT 1 CC TUBERCULIN TERUMO,,,,,,,1-1224,,,,,,,,,,,7040,0
ALAT KESEHATAN ,SPUIT 20 CC TERUMO,,,,,,,1-1231,,,,,,,,,,,13970,0
OBAT           ,SPUIT 3 CC ONEMED,,,,,,,1-1233,,,,,,,,,,,781,0
ALAT KESEHATAN ,SPUIT 3 CC TERUMO,,,,,,,1-1234,,,,,,,,,,,1950,0
OBAT           ,SPUIT 5 CC ONEMED,,,,,,,1-1238,,,,,,,,,,,825,0
ALAT KESEHATAN ,SPUIT 5 CC TERUMO,,,,,,,1-1239,,,,,,,,,,,2600,0
ALAT KESEHATAN ,SPUIT 50 CC TERUMO (BIRU),,,,,,,1-1241,,,,,,,,,,,23320,0
OBAT           ,STARCEF DS 100  MG,,,,,,,1-1480,,,,,,,,,,,82500,0
OBAT           ,STARCEF TAB 100,,,,,,,1-1609,,,,,,,,,,,20350,0
OBAT           ,STERILE WATER 1000ML,,,,,,,1-1262,,,,,,,,,,,30690,0
OBAT           ,STESOLID  5 MG REKTAL TUBE,,,,,,,1-1263,,,,,,,,,,,26136,0
OBAT           ,STESOLID 10 MG REKTAL TUBE,,,,,,,1-1264,,,,,,,,,,,39204,0
OBAT           ,SUPRASMA SOL FOR INHALATION,,,,,,,1-1856,,,,,,,,,,,7700,0
ALAT KESEHATAN ,SURFLO 16 TERUMO,,,,,,,1-1458,,,,,,,,,,,9982.5,0
ALAT KESEHATAN ,SURFLO 20 TERUMO,,,,,,,1-1484,,,,,,,,,,,9900,0
ALAT KESEHATAN ,SURFLO 22 TERUMO,,,,,,,1-1716,,,,,,,,,,,9680,0
OBAT           ,TARIVID TETES MATA,,,,,,,1-1287,,,,,,,,,,,64130,0
ALAT KESEHATAN ,"TEGADERM 4,4 X 4,4",,,,,,,1-1596,,,,,,,,,,,7000,0
OBAT           ,TERANOL TABLET,,,,,,,1-1299,,,,,,,,,,,6050,0
ALAT KESEHATAN ,TERMOMETER DIGITAL,,,,,,,1-1302,,,,,,,,,,,21400,0
OBAT           ,THEOBRON 130 MG KAPSUL,,,,,,,1-1309,,,,,,,,,,,2420,0
OBAT           ,THIAMPHENICOL 500 MG KAPSUL,,,,,,,1-1310,,,,,,,,,,,1320,0
OBAT           ,THROMBOGEL 10 G,,,,,,,1-1313,,,,,,,,,,,37950,0
OBAT           ,TOPLEXIL SYRUP 60 ML,,,,,,,1-1326,,,,,,,,,,,47697.99,0
OBAT           ,TRADOSIK CAPSUL,,,,,,,1-1328,,,,,,,,,,,4075.5,0
OBAT           ,TRAMADOL 50 MG KAPSUL,,,,,,,1-1331,,,,,,,,,,,825,0
ALAT KESEHATAN ,TRANSOFIX,,,,,,,1-1335,,,,,,,,,,,3400.1,0
ALAT KESEHATAN ,TREMENZA SYRUP,,,,,,,1-1338,,,,,,,,,,,21450,0
OBAT           ,TREMENZA TABLET,,,,,,,1-1339,,,,,,,,,,,1523.5,0
ALAT KESEHATAN ,TRIAMCORT A KRIM,,,,,,,1-1702,,,,,,,,,,,62150,0
OBAT           ,TRICHODAZOL 500MG,,,,,,,1-1341,,,,,,,,,,,1782,0
OBAT           ,TRIFED TABLET,,,,,,,1-1347,,,,,,,,,,,2332,0
OBAT           ,TROVENSIS 4 MG TABLET,,,,,,,1-1350,,,,,,,,,,,13112,0
OBAT           ,ULTRAPROCT N CREAM,,,,,,,1-1362,,,,,,,,,,,108202,0
OBAT           ,ULTRAPROCT N SUPPOSITORIA,,,,,,,1-1363,,,,,,,,,,,15862,0
ALAT KESEHATAN ,UNDERPAED,,,,,,,1-1369,,,,,,,,,,,2916.1,0
OBAT           ,URDAFALK 250 MG KAPSUL,,,,,,,1-1370,,,,,,,,,,,10426.17,0
OBAT           ,URDAHEX 250MG KAPSUL,,,,,,,1-1371,,,,,,,,,,,10083.33,0
OBAT           ,URFAMYCIN 500 MG KAPSUL,,,,,,,1-1373,,,,,,,,,,,5687,0
ALAT KESEHATAN ,URINAL PLASTIK PRIA,,,,,,,1-1375,,,,,,,,,,,6500,0
ALAT KESEHATAN ,URINE BAG GEA,,,,,,,1-1526,,,,,,,,,,,3388,0
ALAT KESEHATAN ,URINE COLLECTOR,,,,,,,1-1604,,,,,,,,,,,3300,0
OBAT           ,URSODEOXYCHOLIC ACID 250,,,,,,,1-1380,,,,,,,,,,,4620,0
OBAT           ,UTROGESTAN 100MG,,,,,,,1-1770,,,,,,,,,,,13200,0
OBAT           ,UTROGESTAN 200MG SUPP,,,,,,,1-1381,,,,,,,,,,,21450,0
OBAT           ,VALISANBE 2 MG TABLET,,,,,,,1-1384,,,,,,,,,,,242,0
OBAT           ,VALISANBE 5 MG TABLET,,,,,,,1-1385,,,,,,,,,,,407,0
OBAT           ,VAPORIN KAPSUL,,,,,,,1-1619,,,,,,,,,,,6050,0
OBAT           ,VECTRINE 300 MG KAPSUL,,,,,,,1-1388,,,,,,,,,,,5225,0
OBAT           ,VECTRINE DRY SYRUP,,,,,,,1-1389,,,,,,,,,,,44000,0
OBAT           ,VELLEPSY SYRUP,,,,,,,1-1390,,,,,,,,,,,82500,0
OBAT           ,VELUTINE NEBULES,,,,,,,1-1391,,,,,,,,,,,7700,0
ALAT KESEHATAN ,VENFLON BD 18,,,,,,,1-1393,,,,,,,,,,,21500,0
ALAT KESEHATAN ,VENFLON BD 20,,,,,,,1-1394,,,,,,,,,,,28462.5,0
OBAT           ,VENTOLIN 2 MG TABLET,,,,,,,1-1397,,,,,,,,,,,2950,0
OBAT           ,"VENTOLIN NEBULES 2,5 MG",,,,,,,1-1398,,,,,,,,,,,10381.05,0
OBAT           ,VERBAN 10 CM,,,,,,,1-1400,,,,,,,,,,,1100,0
OBAT           ,VERMOX TAB 500,,,,,,,1-1690,,,,,,,,,,,20343,0
OBAT           ,VESTEIN CAPSUL 300 MG,,,,,,,1-1402,,,,,,,,,,,4675,0
OBAT           ,VESTEIN DRY SYRUP,,,,,,,1-1403,,,,,,,,,,,38500,0
OBAT           ,VICCILLIN - SX 1500 MG,,,,,,,1-1404,,,,,,,,,,,90200,0
OBAT           ,VITAMIN C (IPPI),,,,,,,1-1699,,,,,,,,,,,82,0
OBAT           ,VOMETA DROP 10 ML,,,,,,,1-1418,,,,,,,,,,,43450,0
OBAT           ,VOMETA FLAST TABLET,,,,,,,1-1419,,,,,,,,,,,4070,0
OBAT           ,VOMETA SYRUP 60 ML,,,,,,,1-1420,,,,,,,,,,,43450,0
OBAT           ,VOMISTOP FT TAB,,,,,,,1-1745,,,,,,,,,,,3850,0
OBAT           ,VOSEDON SUSPENSI 60 ML,,,,,,,1-1427,,,,,,,,,,,31240,0
OBAT           ,VOSEDON TABLET,,,,,,,1-1428,,,,,,,,,,,2491.5,0
OBAT           ,XIDANE CAPSUL,,,,,,,1-1432,,,,,,,,,,,8250,0
OBAT           ,ZEMYC 150 MG,,,,,,,1-1436,,,,,,,,,,,63800,0
OBAT           ,ZIBRAMAX 200MG/5ML SYRUP,,,,,,,1-1438,,,,,,,,,,,119500,0
